Animal,MPTP,FName1,FName2,DateCollected,Depth,A_P,M_L,Depth_acx,A_P_acx,M_L_acx,UnitNum1,UnitNum2,Antidrom,Latency,Threshold,LAT2,Thresh2,SENSORY,SENS_DETAIL,ntrials1_1,ntrials1_2,emg_collected,lfp_collected,ntrials2_1,ntrials2_2,StimData,emg_muscle_1,emg_muscle_2,emg_muscle_3,emg_muscle_4,emg_muscle_5,emg_muscle_6,Microtim_Effect,Microstim_Threshold
V,Pre,v0502,,06-Apr-1999,22.13,4,-4,15.0239679239859,-4.2,15.0233685366163,1,,PED,1.4,53,NaN,NaN,wrist / hand,"ext / thumb abd",10,10,6,0,0,0,Ped,triceps lat.,brachioradialis,triceps long.,triceps long.,trapezius,deltoid post.,wrist ext.,30
V,Pre,v0601,,07-Apr-1999,19.5,2,-6,18.3277591566229,-6.2,15.0665367095093,1,,STRI,3.15,830,NaN,NaN,hand,"active grip",10,10,6,0,0,0,Str,triceps lat.,brachioradialis,triceps long.,triceps long.,trapezius,deltoid post.,wrist flex.,30
V,Pre,v1001,,09-Apr-1999,19,4,-6,18.7217645334262,-4.2,15.3743674471722,1,,NR,NaN,NaN,NaN,NaN,hand,"finger flex",10,10,6,0,0,0,,triceps lat.,brachioradialis,triceps long.,triceps long.,trapezius,deltoid post.,nt,nan
V,Pre,v1001,,09-Apr-1999,19,4,-6,18.7217645334262,-4.2,15.3743674471722,2,,STRI,4.45,600,NaN,NaN,NR,"NR",10,10,6,0,0,0,Str,triceps lat.,brachioradialis,triceps long.,triceps long.,trapezius,deltoid post.,nt,nan
V,Pre,v1002,,09-Apr-1999,19.8,4,-6,18.0913559305409,-4.2,14.8818382669116,1,,PED,1.4,610,NaN,NaN,hand,"palm probe",10,10,6,0,0,0,Ped,triceps lat.,brachioradialis,triceps long.,triceps long.,trapezius,deltoid post.,nt,nan
V,Pre,v1003,,09-Apr-1999,20,4,-6,17.9337537798195,-4.2,14.7587059718465,1,,STRI,4.85,660,NaN,NaN,NR,"NR",10,10,6,0,0,0,Str,triceps lat.,brachioradialis,triceps long.,triceps long.,trapezius,deltoid post.,finger flex.,30
V,Pre,v1004,,09-Apr-1999,20.47,4,-6,17.5633887256243,-4.2,14.4693450784434,1,,STRI,4,NaN,NaN,NaN,NR,"NR",8,9,6,0,0,0,Str,triceps lat.,brachioradialis,triceps long.,triceps long.,trapezius,deltoid post.,nt,nan
V,Pre,v1005,,12-Apr-1999,17.88,4,-6,19.6043365774658,-4.2,16.0639082995369,1,,NR,NaN,NaN,NaN,NaN,hand,"thumb ext",10,10,6,0,0,0,,triceps lat.,brachioradialis,triceps long.,triceps long.,trapezius,deltoid post.,nt,nan
V,Pre,v1006,,12-Apr-1999,18.77,4,-6,18.9030070067558,-4.2,15.5159695864971,1,,PED,2.1,350,NaN,NaN,wrist,"radial deviation",10,10,6,0,0,0,Ped,triceps lat.,brachioradialis,triceps long.,triceps long.,trapezius,deltoid post.,finger flex.,30
V,Pre,v1101,,13-Apr-1999,17.9,6,-4,18.3572534117423,-2.2,17.6276165772438,1,,PED,4.1,300,NaN,NaN,NT,"NT",6,6,6,0,0,0,Ped,triceps lat.,brachioradialis,triceps long.,triceps long.,trapezius,deltoid post.,nt,nan
V,Pre,v1102,,13-Apr-1999,17.41,6,-4,18.7433786810096,-2.2,17.9292907001534,1,,NR,NaN,NaN,NaN,NaN,NR,"NR",6,5,6,0,0,0,,triceps lat.,brachioradialis,triceps long.,triceps long.,trapezius,deltoid post.,nr,nan
V,Pre,v1102,,13-Apr-1999,17.41,6,-4,18.7433786810096,-2.2,17.9292907001534,2,,NR,NaN,NaN,NaN,NaN,hand,"finger ext",6,5,6,0,0,0,,triceps lat.,brachioradialis,triceps long.,triceps long.,trapezius,deltoid post.,nr,nan
V,Pre,v1103,,13-Apr-1999,18,6,-4,18.2784523363816,-2.2,17.5660504297113,1,,NR,NaN,NaN,NaN,NaN,NR,"",9,9,6,0,0,0,,triceps lat.,brachioradialis,triceps long.,triceps long.,trapezius,deltoid post.,nt,nan
V,Pre,v1301,,15-Apr-1999,18.2,4,-5,18.736511660986,-4.2,16.6549073810394,1,,STRI,3.9,NaN,NaN,NaN,NR,"NR",6,6,6,0,0,0,Str,triceps lat.,brachioradialis,triceps long.,triceps long.,trapezius,deltoid post.,finger ext.,nt
V,Pre,v1302,,15-Apr-1999,18.77,4,-5,18.2873455314301,-4.2,16.3039803401038,1,,PED,1.75,80,NaN,NaN,NR,"NR",10,10,6,0,0,0,Ped,triceps lat.,brachioradialis,triceps long.,triceps long.,trapezius,deltoid post.,nt,nan
V,Pre,v1303,,15-Apr-1999,18.25,4,-5,18.6971111233056,-4.2,16.6241243072731,1,,PED,1.4,NaN,NaN,NaN,hand,"finger pad sensitive",10,10,6,0,0,0,Ped,triceps lat.,brachioradialis,triceps long.,triceps long.,trapezius,deltoid post.,nt,nan
V,Pre,v1303,,15-Apr-1999,18.25,4,-5,18.6971111233056,-4.2,16.6241243072731,2,,NR,NaN,NaN,NaN,NaN,NR,"NR",10,10,6,0,0,0,,triceps lat.,brachioradialis,triceps long.,triceps long.,trapezius,deltoid post.,nt,nan
V,Pre,v1304,,15-Apr-1999,19.35,4,-5,17.8302992943382,-4.2,15.9468966844149,1,,PED,2.75,1000,NaN,NaN,hand,"finger ext",9,9,6,0,0,0,Ped,triceps lat.,brachioradialis,triceps long.,triceps long.,trapezius,deltoid post.,nt,nan
V,Pre,v1305,,15-Apr-1999,18.43,4,-5,18.5552691876564,-4.2,16.5133052417145,1,,PED,1.35,400,NaN,NaN,NR,"NR",7,8,6,0,0,0,Ped,triceps lat.,brachioradialis,triceps long.,triceps long.,trapezius,deltoid post.,nt,nan
V,Pre,v1401,,11-May-1999,22.99,2,-6,15.5776016265354,-6.2,12.9178781606228,1,,STRI,8.4,NaN,NaN,NaN,hand,"active grip",10,10,6,0,0,0,Str,triceps lat.,brachioradialis,triceps long.,triceps long.,trapezius,deltoid post.,nt,nan
V,Pre,v1402,,11-May-1999,23.7,2,-6,15.0181139914746,-6.2,12.4807585131416,1,,STRI,3.3,590,NaN,NaN,hand,"palm squeeze at base of little finger",10,10,6,0,0,0,Str,triceps lat.,brachioradialis,triceps long.,triceps long.,trapezius,deltoid post.,nt,nan
V,Pre,v1403,,12-May-1999,23.27,2,-6,15.3569586155255,-6.2,12.7454929475316,1,,PED,1.9,75,NaN,NaN,NT,"NT",8,8,6,0,0,0,Ped,triceps lat.,brachioradialis,triceps long.,triceps long.,trapezius,deltoid post.,wrist ext.,30
V,Pre,v1501,v1501b,13-May-1999,19.7,4,-4,16.9388340552502,-4.2,16.5194259216576,1,1,STRI,6.35,960,NaN,NaN,NR,"NR",10,10,6,0,10,10,Str,triceps lat.,brachioradialis,triceps long.,triceps long.,trapezius,deltoid post.,nt,nan
V,Pre,v1601,v1601b,17-May-1999,17.8,6,-4,18.436054487103,-2.2,17.6891827247764,1,1,PED,2.85,NaN,NaN,NaN,NR,"NR",10,10,6,0,10,10,Ped,triceps lat.,brachioradialis,triceps long.,triceps long.,trapezius,deltoid post.,wrist ext.,30
V,Pre,v1602,v1602b,17-May-1999,18,6,-4,18.2784523363816,-2.2,17.5660504297113,1,1,PED,3.15,320,NaN,NaN,NT,"NT",10,10,6,0,5,5,Ped,triceps lat.,brachioradialis,triceps long.,triceps long.,trapezius,deltoid post.,nt,nan
V,Pre,v1702,v1702b,18-May-1999,17.5,2,-4,18.672457713185,-6.2,17.8738811673741,1,1,PED,3,NaN,NaN,NaN,hand,"palm surf, last 3 fingers",10,10,6,0,10,10,Ped,triceps lat.,brachioradialis,triceps long.,triceps long.,trapezius,deltoid post.,nt,nan
V,Pre,v1703,v1703b,18-May-1999,18.2,2,-4,18.1208501856603,-6.2,17.4429181346461,1,1,STRI,4.8,750,NaN,NaN,hand,"selective finger flex",10,10,6,0,10,10,Str,triceps lat.,brachioradialis,triceps long.,triceps long.,trapezius,deltoid post.,nt,nan
V,Pre,v1801,,20-May-1999,17.9,0,-4,18.3572534117423,-8.2,17.6276165772438,1,,NR,NaN,NaN,NaN,NaN,NT,"NT",6,6,6,0,0,0,,triceps lat.,brachioradialis,triceps long.,triceps long.,trapezius,deltoid post.,nt,nan
V,Pre,v1802,,20-May-1999,18.19,0,-4,18.1287302931964,-8.2,17.4490747493994,1,,NR,NaN,NaN,NaN,NaN,hand,"finger tap",10,10,6,0,0,0,,triceps lat.,brachioradialis,triceps long.,triceps long.,trapezius,deltoid post.,nt,nan
V,Pre,v1802,,20-May-1999,18.19,0,-4,18.1287302931964,-8.2,17.4490747493994,2,,PED,2.35,650,NaN,NaN,hand,"finger flex",10,10,6,0,0,0,Ped,triceps lat.,brachioradialis,triceps long.,triceps long.,trapezius,deltoid post.,nt,nan
V,Pre,v1901,,20-May-1999,18.57,0,-4,17.8292862068258,-8.2,17.2151233887756,1,,PED,1.65,370,NaN,NaN,hand,"thumb ext & abd",10,10,6,0,0,0,Ped,triceps lat.,brachioradialis,triceps long.,triceps long.,trapezius,deltoid post.,nr,35
V,Pre,v1902,v1902b,20-May-1999,18.5,0,-4,17.8844469595783,-8.2,17.2582196920484,1,1,PED,1.45,420,NaN,NaN,hand,"finger tap & flex",10,10,6,0,10,10,Ped,triceps lat.,brachioradialis,triceps long.,triceps long.,trapezius,deltoid post.,nt,nan
V,Pre,v2001,,24-May-1999,22.52,2,-2,13.4853207794279,-6.2,16.3592820684527,1,,PED,NaN,300,NaN,NaN,hand,"thumb ext",6,6,6,0,0,0,,triceps lat.,brachioradialis,triceps long.,triceps long.,trapezius,deltoid post.,finger flex.,10
V,Pre,v2001,,24-May-1999,22.52,2,-2,13.4853207794279,-6.2,16.3592820684527,2,,PED,NaN,80,NaN,NaN,hand,"thumb ext",6,6,6,0,0,0,,triceps lat.,brachioradialis,triceps long.,triceps long.,trapezius,deltoid post.,finger flex.,10
V,Pre,v2301,,26-May-1999,16.78,1,-2,18.0085025051305,-7.2,19.893178936822,1,,NR,NaN,NaN,NaN,NaN,hand,"light touch",10,10,6,0,0,0,,triceps lat.,brachioradialis,triceps long.,triceps long.,trapezius,deltoid post.,nr,40
V,Pre,v2302,,26-May-1999,16.9,1,-2,17.9139412146977,-7.2,19.8192995597829,1,,PED,1.3,425,NaN,NaN,hand,"finger ext - not cut",10,10,6,0,0,0,Ped,triceps lat.,brachioradialis,triceps long.,triceps long.,trapezius,deltoid post.,nr,40
V,Pre,v2401,,26-May-1999,22.4,3,-3,14.1955435451864,-5.2,15.6451506918851,1,,NR,NaN,NaN,NaN,NaN,forearm,"deep probing",10,10,6,0,0,0,,triceps lat.,brachioradialis,triceps long.,triceps long.,trapezius,deltoid post.,nt,nan
V,Pre,v2501,,27-May-1999,20.67,5,-2,14.9431406736004,-3.2,17.4982557978052,1,,STRI,2.35,320,NaN,NaN,hand,"active",10,10,6,0,NaN,NaN,Str,triceps lat.,brachioradialis,triceps long.,triceps long.,trapezius,deltoid post.,nr,40
V,Pre,v2502,,27-May-1999,20.1,5,-2,15.3923068031562,-3.2,17.8491828387408,1,,NR,NaN,NaN,NaN,NaN,hand,"thumb light touch",17,16,6,0,0,0,,triceps lat.,brachioradialis,triceps long.,triceps long.,trapezius,deltoid post.,nr,nan
V,Pre,v2601,,01-Jun-1999,18.56,6,-2,16.6058433637106,-2.2,18.7973015107423,1,,PED,1.9,950,NaN,NaN,hand,"thumb ext",10,10,6,0,0,0,Ped,triceps lat.,brachioradialis,triceps long.,triceps long.,trapezius,deltoid post.,elbow ext.,30
V,Pre,v2602,,01-Jun-1999,18.72,6,-2,16.4797616431335,-2.2,18.6987956746902,1,,PED,1.05,290,NaN,NaN,elbow,"ext",5,5,6,0,0,0,Ped,triceps lat.,brachioradialis,triceps long.,triceps long.,trapezius,deltoid post.,nt,nan
V,Pre,v2701,v2702,07-Jun-1999,19.65,5,-2,15.7469116422792,-3.2,18.1262305026374,1,2,STRI,5.5,280,NaN,NaN,NR,"NR",9,9,5,0,10,10,Str,brachioradialis,triceps long.,triceps long.,trapezius,deltoid post.,,nt,nan
V,Pre,v2702,,07-Jun-1999,19.65,5,-2,15.7469116422792,-3.2,18.1262305026374,1,,NR,NaN,NaN,NaN,NaN,hand,"thumb",10,10,5,0,0,0,,brachioradialis,triceps long.,triceps long.,trapezius,deltoid post.,,finger abd.,nt
V,Pre,v2703,,07-Jun-1999,19.88,5,-2,15.5656691689497,-3.2,17.9846283633125,1,,STRI,5.2,300,NaN,NaN,NR,"NR",10,10,5,0,0,0,Str,brachioradialis,triceps long.,triceps long.,trapezius,deltoid post.,,nt,nan
V,Pre,v2704,,08-Jun-1999,19.4,5,-2,15.9439143306809,-3.2,18.2801458714688,1,,PED,1.45,800,NaN,NaN,hand,"index finger / thumb",10,10,5,0,0,0,Ped,brachioradialis,triceps long.,triceps long.,trapezius,deltoid post.,,nt,nan
V,Pre,v2705,,08-Jun-1999,19.72,5,-2,15.6917508895268,-3.2,18.0831341993646,1,,PED,2.15,77,NaN,NaN,hand,"thumb light touch",10,10,5,0,0,0,Ped,brachioradialis,triceps long.,triceps long.,trapezius,deltoid post.,,nt,nan
V,Pre,v2705,,08-Jun-1999,19.72,5,-2,15.6917508895268,-3.2,18.0831341993646,2,,PED,1.35,95,NaN,NaN,hand,"thumb light touch",10,10,5,0,0,0,,brachioradialis,triceps long.,triceps long.,trapezius,deltoid post.,,nt,nan
V,Pre,v2706,,08-Jun-1999,19.98,5,-2,15.486868093589,-3.2,17.9230622157799,1,,PED,1.8,80,NaN,NaN,hand / arm,"thumb / proximal arm",7,7,5,0,0,0,Ped,brachioradialis,triceps long.,triceps long.,trapezius,deltoid post.,,nt,nan
V,Pre,v2706,,08-Jun-1999,19.98,5,-2,15.486868093589,-3.2,17.9230622157799,2,,NR,NaN,NaN,NaN,NaN,hand / arm,"thumb / proximal arm",7,7,5,0,0,0,,brachioradialis,triceps long.,triceps long.,trapezius,deltoid post.,,nt,nan
V,Pre,v2707,,09-Jun-1999,20.94,5,-2,14.7303777701266,-3.2,17.3320271994673,1,,NR,NaN,NaN,NaN,NaN,shoulder,"adduction",5,6,5,0,0,0,,brachioradialis,triceps long.,triceps long.,trapezius,deltoid post.,,elbow flex.,10
V,Pre,v2801,,10-Jun-1999,18.75,7,-2,16.4561213205253,-1.2,18.6803258304305,1,,NR,NaN,NaN,NaN,NaN,NT,"NT",5,5,5,0,0,0,,brachioradialis,triceps long.,triceps long.,trapezius,deltoid post.,,nr,40
V,Pre,v2801,,10-Jun-1999,18.6,7,-2,16.5743229335663,-1.2,18.7726750517293,2,,NR,NaN,NaN,NaN,NaN,NT,"NT",5,5,5,0,0,0,,brachioradialis,triceps long.,triceps long.,trapezius,deltoid post.,,nr,40
V,Pre,v2802,,10-Jun-1999,19.6,7,-2,15.7863121799596,-1.2,18.1570135764037,1,,NR,NaN,NaN,NaN,NaN,elbow,"flex",10,10,5,0,0,0,,brachioradialis,triceps long.,triceps long.,trapezius,deltoid post.,,nt,nan
V,Pre,v2803,,10-Jun-1999,19.9,7,-2,15.5499089538775,-1.2,17.972315133806,1,,PED,3.2,75,NaN,NaN,NT,"NT",3,3,5,0,0,0,Ped,brachioradialis,triceps long.,triceps long.,trapezius,deltoid post.,,nt,nan
V,Pre,v2804,,11-Jun-1999,19.3,7,-2,16.0227154060416,-1.2,18.3417120190014,1,,NR,NaN,NaN,NaN,NaN,elbow,"ext",10,10,5,0,0,0,,brachioradialis,triceps long.,triceps long.,trapezius,deltoid post.,,nt,nan
V,Pre,v2805,,11-Jun-1999,19.94,7,-2,15.5183885237333,-1.2,17.9476886747929,1,,PED,0.9,410,NaN,NaN,elbow,"ext",10,10,5,0,0,0,Ped,brachioradialis,triceps long.,triceps long.,trapezius,deltoid post.,,nr,40
V,Pre,v2806,,11-Jun-1999,19.8,7,-2,15.6287100292382,-1.2,18.0338812813385,1,,NR,NaN,NaN,NaN,NaN,NR,"NR",10,10,5,0,0,0,,brachioradialis,triceps long.,triceps long.,trapezius,deltoid post.,,nt,nan
V,Pre,v2806,,11-Jun-1999,19.8,7,-2,15.6287100292382,-1.2,18.0338812813385,2,,NR,NaN,NaN,NaN,NaN,elbow,"ext",10,10,5,0,0,0,,brachioradialis,triceps long.,triceps long.,trapezius,deltoid post.,,nt,nan
V,Pre,v2807,,16-Jun-1999,18.53,7,-2,16.6294836863188,-1.2,18.8157713550021,1,,NR,NaN,NaN,NaN,NaN,NT,"NT",10,10,5,0,0,0,,brachioradialis,triceps long.,triceps long.,trapezius,deltoid post.,,nt,nan
V,Pre,v2808,,16-Jun-1999,18.8,7,-2,16.4167207828449,-1.2,18.6495427566642,1,,NR,NaN,NaN,NaN,NaN,NT,"NT",8,8,5,0,0,0,,brachioradialis,triceps long.,triceps long.,trapezius,deltoid post.,,nt,nan
V,Pre,v2809,,16-Jun-1999,19.1,7,-2,16.1803175567629,-1.2,18.4648443140665,1,,PED,3.55,625,NaN,NaN,NR,"NR",10,10,5,0,0,0,Ped,brachioradialis,triceps long.,triceps long.,trapezius,deltoid post.,,nr,40
V,Pre,v2810,,17-Jun-1999,18.9,7,-2,16.3379197074843,-1.2,18.5879766091316,1,,NR,NaN,NaN,NaN,NaN,elbow,"flex",10,10,5,0,0,0,,brachioradialis,triceps long.,triceps long.,trapezius,deltoid post.,,nt,nan
V,Pre,v2810,,17-Jun-1999,18.9,7,-2,16.3379197074843,-1.2,18.5879766091316,2,,STRI,5.6,860,NaN,NaN,NR,"NR",10,10,5,0,0,0,Str,brachioradialis,triceps long.,triceps long.,trapezius,deltoid post.,,nt,nan
V,Pre,v2811,,17-Jun-1999,19,7,-2,16.2591186321236,-1.2,18.526410461599,1,,PED,2.3,700,NaN,NaN,NR,"NR",10,10,5,0,0,0,Ped,brachioradialis,triceps long.,triceps long.,trapezius,deltoid post.,,nt,nan
V,Pre,v2901,,18-Jun-1999,20.55,4,-2,15.0377019640332,-4.2,17.5721351748443,1,,NR,NaN,NaN,NaN,NaN,wrist / elbow,"ext",10,10,5,0,0,0,,brachioradialis,triceps long.,triceps long.,trapezius,deltoid post.,,nt,nan
V,Pre,v2902,,18-Jun-1999,21,4,-2,14.6830971249102,-4.2,17.2950875109477,1,,STRI,6.1,950,NaN,NaN,elbow,"flex",10,10,5,0,0,0,Str,brachioradialis,triceps long.,triceps long.,trapezius,deltoid post.,,forearm sup.,30
V,Pre,v2903,,18-Jun-1999,21.9,4,-2,13.9738874466641,-4.2,16.7409921831546,1,,NR,NaN,NaN,NaN,NaN,elbow,"flex",10,10,5,0,0,0,,brachioradialis,triceps long.,triceps long.,trapezius,deltoid post.,,nt,nan
V,Pre,v2904,,21-Jun-1999,22.11,4,-2,13.8084051884067,-4.2,16.6117032733363,1,,STRI,3.7,780,NaN,NaN,forearm,"sup.",10,10,5,0,0,0,Str,brachioradialis,triceps long.,triceps long.,trapezius,deltoid post.,,forearm sup.,30
V,Pre,v2905,,21-Jun-1999,22.13,4,-2,13.7926449733346,-4.2,16.5993900438297,1,,NR,NaN,NaN,NaN,NaN,wrist,"radial deviation",5,5,5,0,0,0,,brachioradialis,triceps long.,triceps long.,trapezius,deltoid post.,,wrist rad. dev.,25
V,Pre,v2906,,21-Jun-1999,22.9,4,-2,13.1858766930574,-4.2,16.125330707829,1,,NR,NaN,NaN,NaN,NaN,NT,"NT",10,10,5,0,0,0,,brachioradialis,triceps long.,triceps long.,trapezius,deltoid post.,,nt,nan
V,Pre,v2907,,21-Jun-1999,22.4,4,-2,13.5798820698607,-4.2,16.4331614454918,1,,PED/STRI,1.3,300,1.5,250,hand,"finger ext",10,10,5,0,0,0,Ped/Str,brachioradialis,triceps long.,triceps long.,trapezius,deltoid post.,,nt,nan
V,Pre,v3001,,23-Jun-1999,17.5,6,-2,17.4411347625337,-2.2,19.4499026745875,1,,STRI,5.9,600,NaN,NaN,NR,"NR",8,8,5,0,0,0,Str,brachioradialis,triceps long.,triceps long.,trapezius,deltoid post.,,nt,nan
V,Pre,v3002,,23-Jun-1999,17.8,6,-2,17.2047315364517,-2.2,19.2652042319898,1,,NR,NaN,NaN,NaN,NaN,NT,"NT",10,10,5,0,0,0,,brachioradialis,triceps long.,triceps long.,trapezius,deltoid post.,,nt,nan
V,Pre,v3002,,23-Jun-1999,17.8,6,-2,17.2047315364517,-2.2,19.2652042319898,2,,NR,NaN,NaN,NaN,NaN,NT,"NT",10,10,5,0,0,0,,brachioradialis,triceps long.,triceps long.,trapezius,deltoid post.,,nt,nan
V,Pre,v3003,,23-Jun-1999,18.23,6,-2,16.8658869124008,-2.2,19.0004697975998,1,,PED,1.9,540,NaN,NaN,NR,"NR",6,6,5,0,0,0,Ped,brachioradialis,triceps long.,triceps long.,trapezius,deltoid post.,,nt,nan
V,Pre,v3004,,23-Jun-1999,17.6,6,-2,17.362333687173,-2.2,19.388336527055,1,,STRI,3.9,316,NaN,NaN,NR,"NR",10,10,5,0,0,0,Str,brachioradialis,triceps long.,triceps long.,trapezius,deltoid post.,,nt,nan
V,Pre,v3005,,23-Jun-1999,17.7,6,-2,17.2835326118123,-2.2,19.3267703795224,1,,NR,NaN,NaN,NaN,NaN,NR,"NR",5,5,5,0,0,0,,brachioradialis,triceps long.,triceps long.,trapezius,deltoid post.,,nt,nan
V,Pre,v3006,,23-Jun-1999,18.2,6,-2,16.889527235009,-2.2,19.0189396418596,1,,PED,2.5,1000,NaN,NaN,shoulder,"elevation",10,10,5,0,0,0,Ped,brachioradialis,triceps long.,triceps long.,trapezius,deltoid post.,,nr,40
V,Pre,v3007,,23-Jun-1999,18.4,6,-2,16.7319250842876,-2.2,18.8958073467944,1,,PED,1.25,200,NaN,NaN,shoulder,"clavicle probe",10,10,5,0,0,0,Ped,brachioradialis,triceps long.,triceps long.,trapezius,deltoid post.,,nt,nan
V,Pre,v3007,,23-Jun-1999,18.4,6,-2,16.7319250842876,-2.2,18.8958073467944,2,,PED,3.45,120,NaN,NaN,NR,"NR",10,10,5,0,0,0,,brachioradialis,triceps long.,triceps long.,trapezius,deltoid post.,,nt,nan
V,Pre,v3101,,25-Jun-1999,17.45,5,-4,18.7118582508653,-3.2,17.9046642411404,1,,PED,2.9,340,NaN,NaN,wrist,"flex",10,10,5,0,0,0,Ped,brachioradialis,triceps long.,triceps long.,trapezius,deltoid post.,,nt,nan
V,Pre,v3102,,25-Jun-1999,17.6,5,-4,18.5936566378243,-3.2,17.8123150198415,1,,NR,NaN,NaN,NaN,NaN,NR,"NR",6,7,5,0,0,0,,brachioradialis,triceps long.,triceps long.,trapezius,deltoid post.,,wrist ext.,25
V,Pre,v3103,,25-Jun-1999,17.8,5,-4,18.436054487103,-3.2,17.6891827247764,1,,PED,3.2,560,NaN,NaN,finger,"ext",10,10,5,0,0,0,Ped,brachioradialis,triceps long.,triceps long.,trapezius,deltoid post.,,nt,nan
V,Pre,v3103,,25-Jun-1999,17.8,5,-4,18.436054487103,-3.2,17.6891827247764,2,,PED,2,340,NaN,NaN,finger,"ext",10,10,5,0,0,0,,brachioradialis,triceps long.,triceps long.,trapezius,deltoid post.,,nt,nan
V,Pre,v3104,,25-Jun-1999,18.16,5,-4,18.1523706158046,-3.2,17.4675445936592,1,,NR,NaN,NaN,NaN,NaN,hand,"active / pinch",10,10,5,0,0,0,,brachioradialis,triceps long.,triceps long.,trapezius,deltoid post.,,nt,nan
V,Pre,v3104,,25-Jun-1999,18.16,5,-4,18.1523706158046,-3.2,17.4675445936592,2,,PED,1.7,710,NaN,NaN,wrist,"flex",10,10,5,0,0,0,Ped,brachioradialis,triceps long.,triceps long.,trapezius,deltoid post.,,nt,nan
V,Pre,v3105,,28-Jun-1999,18.2,5,-4,18.1208501856603,-3.2,17.4429181346461,1,,PED,0.85,20,NaN,NaN,hand,"finger glabrous",10,10,5,0,0,0,Ped,brachioradialis,triceps long.,triceps long.,trapezius,deltoid post.,,nt,nan
V,Pre,v3106,,28-Jun-1999,18.5,5,-4,17.8844469595783,-3.2,17.2582196920484,1,,STRI,3.85,250,NaN,NaN,NR,"NR",10,10,5,0,0,0,Str,brachioradialis,triceps long.,triceps long.,trapezius,deltoid post.,,nt,nan
V,Pre,v3106,,28-Jun-1999,18.5,5,-4,17.8844469595783,-3.2,17.2582196920484,2,,NR,NaN,NaN,NaN,NaN,NR,"NR",10,10,5,0,0,0,,brachioradialis,triceps long.,triceps long.,trapezius,deltoid post.,,nt,nan
V,Pre,v3107,,29-Jun-1999,18.1,5,-4,18.199651261021,-3.2,17.5044842821787,1,,PED,2.1,295,NaN,NaN,wrist,"flex",10,10,5,0,0,0,Ped,brachioradialis,triceps long.,triceps long.,trapezius,deltoid post.,,nt,nan
V,Pre,v3108,,29-Jun-1999,18.3,5,-4,18.0420491102996,-3.2,17.3813519871136,1,,PED,1.35,625,NaN,NaN,NR,"NR",10,10,5,0,0,0,Ped,brachioradialis,triceps long.,triceps long.,trapezius,deltoid post.,,nt,nan
V,Pre,v3108,,29-Jun-1999,18.3,5,-4,18.0420491102996,-3.2,17.3813519871136,2,,NR,NaN,NaN,NaN,NaN,NT,"NT",10,10,5,0,0,0,,brachioradialis,triceps long.,triceps long.,trapezius,deltoid post.,,nt,nan
V,Pre,v3109,,29-Jun-1999,18.37,5,-4,17.9868883575471,-3.2,17.3382556838408,1,,PED,2.1,830,NaN,NaN,wrist,"ext",10,10,5,0,0,0,Ped,brachioradialis,triceps long.,triceps long.,trapezius,deltoid post.,,nt,nan
V,Pre,v3109,,29-Jun-1999,18.37,5,-4,17.9868883575471,-3.2,17.3382556838408,2,,NR,NaN,NaN,NaN,NaN,wrist,"ext",10,10,5,0,0,0,,brachioradialis,triceps long.,triceps long.,trapezius,deltoid post.,,nt,nan
V,Pre,v3201,,29-Jun-1999,18.02,3,-5,18.8783535966352,-5.2,16.765726446598,1,,STRI,2.65,NaN,NaN,NaN,NT,"NT",8,8,5,0,0,0,Str,brachioradialis,triceps long.,triceps long.,trapezius,deltoid post.,,wrist ext.,14
V,Pre,v3201,,29-Jun-1999,18.02,3,-5,18.8783535966352,-5.2,16.765726446598,2,,NT,NaN,NaN,NaN,NaN,NT,"NT",8,8,5,0,0,0,,brachioradialis,triceps long.,triceps long.,trapezius,deltoid post.,,wrist ext.,14
V,Pre,v3202,v3202b,30-Jun-1999,19.1,3,-5,18.0273019827399,-5.2,16.1008120532463,1,1,STRI,3.5,120,NaN,NaN,NT,"NT",10,10,5,0,10,10,Str,brachioradialis,triceps long.,triceps long.,trapezius,deltoid post.,,nt,nan
V,Pre,v3203,,30-Jun-1999,19.3,3,-5,17.8696998320186,-5.2,15.9776797581812,1,,NR,NaN,NaN,NaN,NaN,hand,"finger ext",10,10,5,0,0,0,,brachioradialis,triceps long.,triceps long.,trapezius,deltoid post.,,nt,nan
V,Pre,v3203,,30-Jun-1999,19.3,3,-5,17.8696998320186,-5.2,15.9776797581812,2,,NR,NaN,NaN,NaN,NaN,NR,"NR",10,10,5,0,0,0,,brachioradialis,triceps long.,triceps long.,trapezius,deltoid post.,,nt,nan
V,Pre,v3204,v3205,30-Jun-1999,19.5,3,-5,17.7120976812972,-5.2,15.8545474631161,1,1,PED,NaN,NaN,NaN,NaN,hand,"finger flex",10,10,5,0,10,10,,brachioradialis,triceps long.,triceps long.,trapezius,deltoid post.,,nt,nan
V,Pre,v3205,,30-Jun-1999,19.4,3,-5,17.7908987566579,-5.2,15.9161136106486,2,,STRI,3.7,440,NaN,NaN,wrist / hand,"selective finger flex",10,10,5,0,0,0,Str,brachioradialis,triceps long.,triceps long.,trapezius,deltoid post.,,nt,nan
V,Pre,v3206,,01-Jul-1999,18.97,3,-5,18.1297433807088,-5.2,16.1808480450387,1,,PED,0.8,230,NaN,NaN,hand,"finger ext",10,10,5,1,0,0,Ped,brachioradialis,triceps long.,triceps long.,trapezius,deltoid post.,,nt,nan
V,Pre,v3207,,01-Jul-1999,19.36,3,-5,17.8224191868022,-5.2,15.9407400696616,1,,NR,NaN,NaN,NaN,NaN,NT,"NT",10,10,5,1,0,0,,brachioradialis,triceps long.,triceps long.,trapezius,deltoid post.,,nt,nan
V,Pre,v3208,,01-Jul-1999,19.68,3,-5,17.570255745648,-5.2,15.7437283975574,1,,PED,2,600,NaN,NaN,NT,"NT",5,4,5,1,0,0,Ped,brachioradialis,triceps long.,triceps long.,trapezius,deltoid post.,,nt,nan
V,Pre,v3209,,06-Jul-1999,19.4,3,-5,17.7908987566579,-5.2,15.9161136106486,1,,PED,0.7,160,NaN,NaN,wrist / hand,"finger ext",10,10,5,1,0,0,Ped,brachioradialis,triceps long.,triceps long.,trapezius,deltoid post.,,nt,nan
V,Pre,v3209,,06-Jul-1999,19.4,3,-5,17.7908987566579,-5.2,15.9161136106486,2,,PED,1.95,40,NaN,NaN,finger,"flex",10,10,5,1,0,0,,brachioradialis,triceps long.,triceps long.,trapezius,deltoid post.,,nt,nan
V,Pre,v3210,,06-Jul-1999,19.9,3,-5,17.3968933798545,-5.2,15.6082828729858,1,,PED,0.75,1000,NaN,NaN,finger,"flex",10,10,5,1,0,0,Ped,brachioradialis,triceps long.,triceps long.,trapezius,deltoid post.,,nt,nan
V,Pre,v3211,,06-Jul-1999,20.4,3,-5,17.0028880030512,-5.2,15.300452135323,1,,STRI,3.05,380,NaN,NaN,NT,"NT",6,7,5,1,0,0,Str,brachioradialis,triceps long.,triceps long.,trapezius,deltoid post.,,nt,nan
V,Pre,v3212,,07-Jul-1999,18.4,3,-5,18.5789095102646,-5.2,16.5317750859743,1,,PED,0.95,21,NaN,NaN,wrist / forearm,"ext",10,10,5,1,0,0,Ped,brachioradialis,triceps long.,triceps long.,trapezius,deltoid post.,,nt,nan
V,Pre,v3213,,07-Jul-1999,18.4,3,-5,18.5789095102646,-5.2,16.5317750859743,1,,NT,NaN,NaN,NaN,NaN,NT,"NT",2,3,5,1,0,0,,brachioradialis,triceps long.,triceps long.,trapezius,deltoid post.,,nt,nan
V,Pre,v3214,,07-Jul-1999,20.37,3,-5,17.0265283256594,-5.2,15.3189219795827,1,,STRI,9.35,480,NaN,NaN,NR,"NR",10,10,5,1,0,0,Str,brachioradialis,triceps long.,triceps long.,trapezius,deltoid post.,,nt,nan
V,Pre,v3215,,08-Jul-1999,19.3,3,-5,17.8696998320186,-5.2,15.9776797581812,1,,STRI,5.05,530,NaN,NaN,NR,"NR",10,10,5,1,0,0,Str,brachioradialis,triceps long.,triceps long.,trapezius,deltoid post.,,nt,nan
V,Pre,v3216,,08-Jul-1999,20.5,3,-5,16.9240869276905,-5.2,15.2388859877904,1,,PED/STRI,2.3,45,1.5,320,wrist,"ext",10,10,5,1,0,0,Ped/Str,brachioradialis,triceps long.,triceps long.,trapezius,deltoid post.,,nt,nan
V,Pre,v3217,,08-Jul-1999,20.7,3,-5,16.7664847769691,-5.2,15.1157536927253,1,,STRI,3.1,350,NaN,NaN,NR,"selective finger release",10,10,5,1,0,0,Str,brachioradialis,triceps long.,triceps long.,trapezius,deltoid post.,,nt,nan
V,Pre,v3218,,08-Jul-1999,20.76,3,-5,16.7192041317527,-5.2,15.0788140042057,1,,STRI,4.25,400,NaN,NaN,NR,"NR",10,10,5,1,0,0,Str,brachioradialis,triceps long.,triceps long.,trapezius,deltoid post.,,nt,nan
V,Pre,v3219,,08-Jul-1999,20.85,3,-5,16.6482831639281,-5.2,15.0234044714264,1,,STRI,3.9,420,NaN,NaN,hand,"finger ext",10,10,5,1,0,0,Str,brachioradialis,triceps long.,triceps long.,trapezius,deltoid post.,,finger ext.,8
V,Pre,v3220,,09-Jul-1999,20.5,3,-5,16.9240869276905,-5.2,15.2388859877904,1,,PED,2.65,26,NaN,NaN,hand,"finger manip",10,10,5,1,0,0,Ped,brachioradialis,triceps long.,triceps long.,trapezius,deltoid post.,,nt,nan
V,Pre,v3220,,09-Jul-1999,20.5,3,-5,16.9240869276905,-5.2,15.2388859877904,2,,NR,NaN,NaN,NaN,NaN,hand,"finger flex",10,10,5,1,0,0,,brachioradialis,triceps long.,triceps long.,trapezius,deltoid post.,,nt,nan
V,Pre,v3221,,09-Jul-1999,20.57,3,-5,16.868926174938,-5.2,15.1957896845176,1,,STRI,3.8,800,NaN,NaN,NR,"selective - palmar contact w/ objects, esp unexpected objects or new objects",10,10,5,1,0,0,Str,brachioradialis,triceps long.,triceps long.,trapezius,deltoid post.,,nt,nan
V,Pre,v3222,,09-Jul-1999,20.9,3,-5,16.6088826262478,-5.2,14.9926213976601,1,,NR,NaN,NaN,NaN,NaN,NT,"NT",7,7,5,1,0,0,,brachioradialis,triceps long.,triceps long.,trapezius,deltoid post.,,nt,nan
V,Pre,v3222,,09-Jul-1999,20.9,3,-5,16.6088826262478,-5.2,14.9926213976601,2,,NR,NaN,NaN,NaN,NaN,NT,"NT",7,7,5,1,0,0,,brachioradialis,triceps long.,triceps long.,trapezius,deltoid post.,,nt,nan
V,Pre,v3223,,09-Jul-1999,21.15,3,-5,16.4118799378461,-5.2,14.8387060288287,1,,STRI,2.65,140,NaN,NaN,NR,"NR",10,10,5,1,0,0,Str,brachioradialis,triceps long.,triceps long.,trapezius,deltoid post.,,nt,nan
V,Pre,v3224,,12-Jul-1999,20.3,3,-5,17.0816890784118,-5.2,15.3620182828555,1,,STRI,4.3,400,NaN,NaN,NT,"NT",8,8,5,1,0,0,Str,brachioradialis,triceps long.,triceps long.,trapezius,deltoid post.,,nt,nan
V,Pre,v3225,,12-Jul-1999,22,3,-5,15.7420707972804,-5.2,14.3153937748019,1,,STRI,2.1,330,NaN,NaN,NR,"NR",10,10,5,1,0,0,Str,brachioradialis,triceps long.,triceps long.,trapezius,deltoid post.,,nt,nan
V,Pre,v3226,,12-Jul-1999,22.3,3,-5,15.5056675711984,-5.2,14.1306953322042,1,,STRI,5,610,NaN,NaN,NR,"NR",9,9,5,1,0,0,Str,brachioradialis,triceps long.,triceps long.,trapezius,deltoid post.,,finger ext.,9
V,Pre,v3227,,13-Jul-1999,21.57,3,-5,16.0809154213313,-5.2,14.5801282091919,1,,NR,NaN,NaN,NaN,NaN,NR,"NR",10,10,5,1,0,0,,brachioradialis,triceps long.,triceps long.,trapezius,deltoid post.,,nt,nan
V,Pre,v3228,,13-Jul-1999,22.26,3,-5,15.5371880013427,-5.2,14.1553217912172,1,,NR,NaN,NaN,NaN,NaN,NT,"NT",10,10,5,1,0,0,Ped,brachioradialis,triceps long.,triceps long.,trapezius,deltoid post.,,nt,nan
V,Pre,v3229,,13-Jul-1999,22.3,3,-5,15.5056675711984,-5.2,14.1306953322042,1,,PED,1.3,328,NaN,NaN,hand,"finger flex",10,10,5,1,0,0,Ped,brachioradialis,triceps long.,triceps long.,trapezius,deltoid post.,,nt,nan
V,Pre,v3230,,13-Jul-1999,22.37,3,-5,15.4505068184459,-5.2,14.0875990289314,1,,STRI,2.85,800,NaN,NaN,NT,"NT",10,10,5,1,0,0,Str,brachioradialis,triceps long.,triceps long.,trapezius,deltoid post.,,nt,nan
V,Pre,v3230,,13-Jul-1999,22.37,3,-5,15.4505068184459,-5.2,14.0875990289314,2,,STRI,2.95,540,NaN,NaN,NT,"NT",10,10,5,1,0,0,,brachioradialis,triceps long.,triceps long.,trapezius,deltoid post.,,nt,nan
V,Pre,v3301,,14-Jul-1999,17.25,1,-5,19.4851218769123,-7.2,17.2397857825988,1,1,STRI,4.55,390,NaN,NaN,hand,"selective response - pauses w/ touch, bursts w/ release",5,6,5,1,0,0,Str,brachioradialis,triceps long.,triceps long.,trapezius,deltoid post.,,nt,nan
V,Pre,v3302,,14-Jul-1999,17.36,1,-5,19.3984406940156,-7.2,17.172063020313,1,,NR,NaN,NaN,NaN,NaN,hand,"finger flex",10,10,5,1,0,0,,brachioradialis,triceps long.,triceps long.,trapezius,deltoid post.,,nr,40
V,Pre,v3302,,14-Jul-1999,17.36,1,-5,19.3984406940156,-7.2,17.172063020313,2,,NR,NaN,NaN,NaN,NaN,hand,"finger flex",10,10,5,1,0,0,,brachioradialis,triceps long.,triceps long.,trapezius,deltoid post.,,nr,40
V,Pre,v3303,,14-Jul-1999,17.6,1,-5,19.20931811315,-7.2,17.0243042662348,1,,NR,NaN,NaN,NaN,NaN,hand,"hair on skin of fingers",5,5,5,1,0,0,,brachioradialis,triceps long.,triceps long.,trapezius,deltoid post.,,nt,nan
V,Pre,v3401,,15-Jul-1999,17.75,5,-5,19.091116500109,-3.2,16.931955044936,1,,NR,NaN,NaN,NaN,NaN,wrist,"flex",10,10,5,1,0,0,,brachioradialis,triceps long.,triceps long.,trapezius,deltoid post.,,nt,nan
V,Pre,v3402,,15-Jul-1999,18.28,5,-5,18.6734708006974,-3.2,16.6056544630134,1,,PED,1.7,780,NaN,NaN,wrist,"flex",10,10,5,1,0,0,Ped,brachioradialis,triceps long.,triceps long.,trapezius,deltoid post.,,wrist flex.,28
V,Pre,v3403,,15-Jul-1999,18.4,5,-5,18.5789095102646,-3.2,16.5317750859743,1,,PED,1.5,75,NaN,NaN,NR,"active",10,10,5,1,0,0,,brachioradialis,triceps long.,triceps long.,trapezius,deltoid post.,,nt,nan
V,Pre,v3403,,15-Jul-1999,18.4,5,-5,18.5789095102646,-3.2,16.5317750859743,2,,NR,NaN,NaN,NaN,NaN,wrist / forearm,"flex",10,10,5,1,0,0,,brachioradialis,triceps long.,triceps long.,trapezius,deltoid post.,,nt,nan
V,Pre,v3404,,16-Jul-1999,18.71,5,-5,18.3346261766465,-3.2,16.3409200286233,1,,NR,NaN,NaN,NaN,NaN,hand,"active",10,10,5,1,0,0,,brachioradialis,triceps long.,triceps long.,trapezius,deltoid post.,,nt,nan
V,Pre,v3405,,16-Jul-1999,18.78,5,-5,18.2794654238941,-3.2,16.2978237253505,1,,PED,2.7,585,NaN,NaN,NR,"NR",10,10,5,1,0,0,Ped,brachioradialis,triceps long.,triceps long.,trapezius,deltoid post.,,nt,nan
V,Pre,v3501,,16-Jul-1999,20.46,2,-5,16.9556073578348,-6.2,15.2635124468034,1,,STRI,7.55,860,NaN,NaN,hand,"active",10,10,5,1,0,0,Str,brachioradialis,triceps long.,triceps long.,trapezius,deltoid post.,,wrist ext.,25
V,Pre,v3502,,19-Jul-1999,23.33,2,-5,14.6940164949835,-6.2,13.4965640126188,1,,PED,1.25,160,NaN,NaN,hand,"finger ext",10,10,5,1,0,0,Ped,brachioradialis,triceps long.,triceps long.,trapezius,deltoid post.,,finger flex.,25
V,Pre,v3503,,19-Jul-1999,23.23,2,-5,14.7728175703441,-6.2,13.5581301601514,1,,PED,0.85,200,NaN,NaN,hand,"finger ext",10,10,5,1,0,0,Ped,brachioradialis,triceps long.,triceps long.,trapezius,deltoid post.,,nt,nan
V,Pre,v3504,,19-Jul-1999,23.42,2,-5,14.6230955271589,-6.2,13.4411544798395,1,,STRI,7.4,670,NaN,NaN,NR,"NR",10,9,5,1,0,0,Str,brachioradialis,triceps long.,triceps long.,trapezius,deltoid post.,,nt,nan
V,Pre,v3505,,19-Jul-1999,23.07,2,-5,14.8988992909212,-6.2,13.6566359962035,1,,STRI,3.15,100,NaN,NaN,hand,"active",10,10,5,1,0,0,Str,brachioradialis,triceps long.,triceps long.,trapezius,deltoid post.,,nt,nan
V,Pre,v3506,,19-Jul-1999,23.46,2,-5,14.5915750970146,-6.2,13.4165280208264,1,,NR,NaN,NaN,NaN,NaN,hand,"finger ext",5,6,5,1,0,0,Str,brachioradialis,triceps long.,triceps long.,trapezius,deltoid post.,,nt,nan
V,Pre,v3601,,28-Jul-1999,18.3,4,-5,18.6577105856253,-4.2,16.5933412335068,1,,STRI,4.2,80,NaN,NaN,NR,"NR",10,10,5,1,0,0,Str,brachioradialis,triceps long.,triceps long.,trapezius,deltoid post.,,nt,nan
V,Pre,v3601,,28-Jul-1999,18.3,4,-5,18.6577105856253,-4.2,16.5933412335068,2,,PED,2.85,480,NaN,NaN,hand,"thumb cut",10,10,5,1,0,0,,brachioradialis,triceps long.,triceps long.,trapezius,deltoid post.,,nt,nan
V,Pre,v3602,,28-Jul-1999,18.6,4,-5,18.4213073595433,-4.2,16.4086427909091,1,,NR,NaN,NaN,NaN,NaN,hand,"finger ext",10,10,5,1,0,0,,brachioradialis,triceps long.,triceps long.,trapezius,deltoid post.,,nt,nan
V,Pre,v3602,,28-Jul-1999,18.6,4,-5,18.4213073595433,-4.2,16.4086427909091,2,,PED,3.15,680,NaN,NaN,NR,"NR",10,10,5,1,0,0,Ped,brachioradialis,triceps long.,triceps long.,trapezius,deltoid post.,,nt,nan
V,Pre,v3603,,29-Jul-1999,17.87,4,-5,18.9965552096762,-4.2,16.8580756678969,1,,STRI,4.25,372,NaN,NaN,hand,"finger flex",10,10,5,1,0,0,Str,brachioradialis,triceps long.,triceps long.,trapezius,deltoid post.,,wrist ext.,30
V,Pre,v3603,,29-Jul-1999,17.87,4,-5,18.9965552096762,-4.2,16.8580756678969,2,,NR,NaN,NaN,NaN,NaN,NR,"NR",10,10,5,1,0,0,,brachioradialis,triceps long.,triceps long.,trapezius,deltoid post.,,wrist ext.,30
V,Pre,v3604,,29-Jul-1999,17.96,4,-5,18.9256342418516,-4.2,16.8026661351176,1,,PED,1.7,600,NaN,NaN,hand,"finger ext",10,10,5,1,0,0,Ped,brachioradialis,triceps long.,triceps long.,trapezius,deltoid post.,,nt,nan
V,Pre,v3604,,29-Jul-1999,17.96,4,-5,18.9256342418516,-4.2,16.8026661351176,2,,PED,NaN,100,NaN,NaN,hand,"finger flex",10,10,5,1,0,0,,brachioradialis,triceps long.,triceps long.,trapezius,deltoid post.,,nt,nan
V,Pre,v3605,,29-Jul-1999,18.65,4,-5,18.3819068218629,-4.2,16.3778597171429,1,,PED,3.5,390,NaN,NaN,NT,"NT",4,3,5,1,0,0,,brachioradialis,triceps long.,triceps long.,trapezius,deltoid post.,,nt,nan
V,Pre,v3606,,29-Jul-1999,19.42,4,-5,17.7751385415857,-4.2,15.9038003811421,1,,NR,NaN,NaN,NaN,NaN,NR,"active hand",10,10,5,1,0,0,,brachioradialis,triceps long.,triceps long.,trapezius,deltoid post.,,nt,nan
V,Pre,v3607,v3607b,29-Jul-1999,19.65,4,-5,17.5938960682562,-4.2,15.7621982418172,1,1,PED,0.8,100,NaN,NaN,wrist,"ext",10,10,5,1,10,10,Ped,brachioradialis,triceps long.,triceps long.,trapezius,deltoid post.,,nt,nan
V,Pre,v3607b,,29-Jul-1999,19.65,4,-5,17.5938960682562,-4.2,15.7621982418172,2,,STRI,8.1,170,NaN,NaN,NR,"NR",10,10,5,1,0,0,Str,brachioradialis,triceps long.,triceps long.,trapezius,deltoid post.,,nt,nan
V,Pre,v3608,,29-Jul-1999,19.32,4,-5,17.8539396169464,-4.2,15.9653665286747,1,,STRI,3.6,770,NaN,NaN,NR,"NR",10,10,6,0,0,0,Str,triceps lat.,brachioradialis,triceps long.,triceps long.,trapezius,deltoid post.,nt,nan
V,Pre,v3609,,29-Jul-1999,19.86,4,-5,17.4284138099988,-4.2,15.6329093319988,1,,PED,2.6,170,NaN,NaN,NR,"NR",10,10,6,0,0,0,Ped,triceps lat.,brachioradialis,triceps long.,triceps long.,trapezius,deltoid post.,nt,nan
V,Pre,v3701,,03-Aug-1999,19.34,5,-3,16.606856451223,-3.2,17.5290748063816,1,,NR,NaN,NaN,NaN,NaN,hand,"thumb abd",7,7,5,1,0,0,,brachioradialis,triceps long.,triceps long.,trapezius,deltoid post.,,nt,nan
V,Pre,v3702,,03-Aug-1999,20.33,5,-3,15.8267258051523,-3.2,16.9195699458092,1,,PED,NaN,370,NaN,NaN,hand,"thumb abd",10,10,5,1,0,0,Ped,brachioradialis,triceps long.,triceps long.,trapezius,deltoid post.,,finger adduct,2
V,Pre,v3702,,03-Aug-1999,20.33,5,-3,15.8267258051523,-3.2,16.9195699458092,2,,NR,NaN,NaN,NaN,NaN,hand,"thumb abd",10,10,5,1,0,0,,brachioradialis,triceps long.,triceps long.,trapezius,deltoid post.,,finger adduct,2
V,Pre,v3703,,03-Aug-1999,21.2,5,-3,15.1411564495145,-3.2,16.3839444622759,1,,NR,NaN,NaN,NaN,NaN,NR,"NR",6,6,5,1,0,0,,brachioradialis,triceps long.,triceps long.,trapezius,deltoid post.,,wrist ext.,8
V,Pre,v3704,,03-Aug-1999,18.4,5,-3,17.3475865596133,-3.2,18.1077965931877,1,,PED,1,175,NaN,NaN,wrist,"ext",10,10,6,0,0,0,Ped,triceps lat.,brachioradialis,triceps long.,triceps long.,trapezius,deltoid post.,nt,nan
V,Pre,v3704,,03-Aug-1999,18.4,5,-3,17.3475865596133,-3.2,18.1077965931877,2,,PED,1.35,30,NaN,NaN,wrist,"ext",10,10,6,0,0,0,,triceps lat.,brachioradialis,triceps long.,triceps long.,trapezius,deltoid post.,nt,nan
V,Pre,v3705,,03-Aug-1999,19.66,5,-3,16.3546930100688,-3.2,17.3320631342774,1,,STRI,3.7,390,NaN,NaN,NR,"",5,6,6,0,0,0,Str,triceps lat.,brachioradialis,triceps long.,triceps long.,trapezius,deltoid post.,nt,nan
V,Pre,v3801,,05-Aug-1999,19.9,3,-3,16.1655704292032,-5.2,17.1843043801992,1,,STRI,NaN,550,NaN,NaN,NT,"NT",5,5,6,0,0,0,Str,triceps lat.,brachioradialis,triceps long.,triceps long.,trapezius,deltoid post.,nt,nan
V,Pre,v3802,,05-Aug-1999,20.4,3,-3,15.7715650523999,-5.2,16.8764736425364,1,,STRI,4.35,290,NaN,NaN,NR,"active hand",8,9,6,0,0,0,Str,triceps lat.,brachioradialis,triceps long.,triceps long.,trapezius,deltoid post.,wrist ulnar dev.,22
V,Pre,v3802,,05-Aug-1999,20.4,3,-3,15.7715650523999,-5.2,16.8764736425364,2,,NT,NaN,NaN,NaN,NaN,NT,"NT",8,9,6,0,0,0,,triceps lat.,brachioradialis,triceps long.,triceps long.,trapezius,deltoid post.,wrist ulnar dev.,22
V,Pre,v3803,,05-Aug-1999,21.4,3,-3,14.9835542987931,-5.2,16.2608121672108,1,,NR,NaN,NaN,NaN,NaN,NR,"NR",7,7,5,1,0,0,,brachioradialis,triceps long.,triceps long.,trapezius,deltoid post.,,nt,nan
V,Pre,v3901,,06-Aug-1999,18.3,6,-3,17.426387634974,-2.2,18.1693627407203,1,,STRI,6.3,760,NaN,NaN,elbow,"flex",10,10,5,1,0,0,Str,brachioradialis,triceps long.,triceps long.,trapezius,deltoid post.,,nr,40
V,Pre,v3902,,06-Aug-1999,17.78,6,-3,17.8361532268495,-2.2,18.4895067078896,1,,NR,NaN,NaN,NaN,NaN,elbow,"flex",8,8,5,1,0,0,,brachioradialis,triceps long.,triceps long.,trapezius,deltoid post.,,nt,nan
V,Pre,v3902,,06-Aug-1999,17.78,6,-3,17.8361532268495,-2.2,18.4895067078896,2,,NR,NaN,NaN,NaN,NaN,elbow,"flex",8,8,5,1,0,0,,brachioradialis,triceps long.,triceps long.,trapezius,deltoid post.,,nt,nan
V,Pre,v3903,,06-Aug-1999,18.5,6,-3,17.2687854842526,-2.2,18.0462304456552,1,,PED,2.95,250,NaN,NaN,elbow,"flex",10,10,5,1,0,0,Ped,brachioradialis,triceps long.,triceps long.,trapezius,deltoid post.,,nr,40
V,Pre,v3903,,06-Aug-1999,18.5,6,-3,17.2687854842526,-2.2,18.0462304456552,2,,PED,1.95,510,NaN,NaN,elbow / shoulder,"abd / ext",10,10,5,1,0,0,,brachioradialis,triceps long.,triceps long.,trapezius,deltoid post.,,nr,40
V,Pre,v3904,,07-Aug-1999,18.1,6,-3,17.5839897856953,-2.2,18.2924950357854,1,,STRI,3.45,425,NaN,NaN,NR,"NR",4,4,5,1,0,0,Str,brachioradialis,triceps long.,triceps long.,trapezius,deltoid post.,,shoulder ext. rotation,nt
V,Pre,v4001,,10-Aug-1999,21.3,4,-3,15.0623553741538,-4.2,16.3223783147433,1,,PED,1.65,215,NaN,NaN,NR,"active hand",10,10,5,1,0,0,Ped,brachioradialis,triceps long.,triceps long.,trapezius,deltoid post.,,nt,nan
V,Pre,v4001,,10-Aug-1999,21.3,4,-3,15.0623553741538,-4.2,16.3223783147433,2,,PED,2,155,NaN,NaN,forearm,"sup",10,10,5,1,0,0,,brachioradialis,triceps long.,triceps long.,trapezius,deltoid post.,,nt,nan
V,Pre,v4002,,11-Aug-1999,19.4,4,-3,16.5595758060066,-4.2,17.4921351178621,1,,STRI,8.3,300,NaN,NaN,NR,"NR",5,6,5,1,0,0,Str,brachioradialis,triceps long.,triceps long.,trapezius,deltoid post.,,nt,nan
V,Pre,v4003,,11-Aug-1999,19.88,4,-3,16.1813306442753,-4.2,17.1966176097058,1,,NR,NaN,NaN,NaN,NaN,hand,"palm light touch",10,10,5,1,0,0,,brachioradialis,triceps long.,triceps long.,trapezius,deltoid post.,,nt,nan
V,Pre,v4003,,11-Aug-1999,19.88,4,-3,16.1813306442753,-4.2,17.1966176097058,2,,STRI,6.4,810,NaN,NaN,NR,"NR",10,10,5,1,0,0,Str,brachioradialis,triceps long.,triceps long.,trapezius,deltoid post.,,nt,nan
V,Pre,v4004,,11-Aug-1999,20.24,4,-3,15.8976467729769,-4.2,16.9749794785885,1,,PED,1.15,780,NaN,NaN,forearm,"pron",10,10,5,1,0,0,Ped,brachioradialis,triceps long.,triceps long.,trapezius,deltoid post.,,wrist ulnar dev.,6
V,Pre,v4004,,11-Aug-1999,20.24,4,-3,15.8976467729769,-4.2,16.9749794785885,2,,PED,3.25,100,NaN,NaN,wrist,"ext",10,10,5,1,0,0,,brachioradialis,triceps long.,triceps long.,trapezius,deltoid post.,,wrist ulnar dev.,6
V,Pre,v4005,,11-Aug-1999,20.58,4,-3,15.6297231167506,-4.2,16.7656545769778,1,,PED,1.2,28,NaN,NaN,forearm,"pron",10,10,5,1,0,0,Ped,brachioradialis,triceps long.,triceps long.,trapezius,deltoid post.,,nt,nan
V,Pre,v4006,,12-Aug-1999,20.5,4,-3,15.6927639770392,-4.2,16.8149074950038,1,,PED,0.65,25,NaN,NaN,forearm,"pron",10,10,5,1,0,0,Ped,brachioradialis,triceps long.,triceps long.,trapezius,deltoid post.,,nt,nan
V,Pre,v4101,,13-Aug-1999,23.04,2,-3,13.6912166628781,-6.2,15.2511273476767,1,,PED,2.1,250,NaN,NaN,hand,"finger flex",10,10,5,1,0,0,Ped,brachioradialis,triceps long.,triceps long.,trapezius,deltoid post.,,finger abd.,8
V,Pre,v4201,,13-Aug-1999,17.6,1,-3,17.9779951624987,-7.2,18.6003257734482,1,,STRI,3.65,500,NaN,NaN,NT,"",5,5,5,1,0,0,Str,brachioradialis,triceps long.,triceps long.,trapezius,deltoid post.,,nt,nan
V,Pre,v4202,,13-Aug-1999,19.5,1,-3,16.4807747306459,-7.2,17.4305689703295,1,,PED,5.5,NaN,NaN,NaN,NT,"",5,5,5,1,0,0,Ped,brachioradialis,triceps long.,triceps long.,trapezius,deltoid post.,,nt,nan
V,Pre,v4203,,13-Aug-1999,19.4,1,-3,16.5595758060066,-7.2,17.4921351178621,1,,STRI,5.75,420,NaN,NaN,hand,"selective finger ext",10,10,5,1,0,0,Str,brachioradialis,triceps long.,triceps long.,trapezius,deltoid post.,,nr,40
V,Pre,v4204,,13-Aug-1999,21.93,1,-3,14.5659085993816,-7.2,15.9345115852882,1,,PED,1.9,600,NaN,NaN,NR,"pauses w/hand manip",10,10,5,1,0,0,Ped,brachioradialis,triceps long.,triceps long.,trapezius,deltoid post.,,nt,nan
V,Pre,v4205,,16-Aug-1999,20.11,1,-3,16.0000881709458,-7.2,17.0550154703808,1,,NR,NaN,NaN,NaN,NaN,hand,"finger tip",8,8,5,1,0,0,,brachioradialis,triceps long.,triceps long.,trapezius,deltoid post.,,nr,40
V,Pre,v4206,,16-Aug-1999,20.4,1,-3,15.7715650523999,-7.2,16.8764736425364,1,,NR,NaN,NaN,NaN,NaN,hand,"palm / finger - light touch",10,10,5,1,0,0,,brachioradialis,triceps long.,triceps long.,trapezius,deltoid post.,,finger ext.,30
V,Pre,v4207,,16-Aug-1999,21.5,1,-3,14.9047532234325,-7.2,16.1992460196782,1,,NR,NaN,NaN,NaN,NaN,hand,"finger ext",10,10,5,1,0,0,,brachioradialis,triceps long.,triceps long.,trapezius,deltoid post.,,nt,nan
V,Post,v4301,,13-Jan-2000,19.2,4,-2,16.1015164814023,-4.2,18.4032781665339,1,,NR,NaN,NaN,NaN,NaN,hand,"cut index finger",10,10,0,0,0,0,,triceps lat.,brachioradialis,triceps long.,triceps long.,trapezius,deltoid post.,nt,nan
V,Post,v4301,,13-Jan-2000,19.2,4,-2,16.1015164814023,-4.2,18.4032781665339,2,,NR,NaN,NaN,NaN,NaN,hand,"cut index finger",10,10,0,0,0,0,,triceps lat.,brachioradialis,triceps long.,triceps long.,trapezius,deltoid post.,nt,nan
V,Post,v4302,,13-Jan-2000,18.9,4,-2,16.3379197074843,-4.2,18.5879766091316,1,,NR,NaN,NaN,NaN,NaN,NT,"",4,19,0,0,0,0,,triceps lat.,brachioradialis,triceps long.,triceps long.,trapezius,deltoid post.,nt,nan
V,Post,v4401,v4401b,15-Jan-2000,19.1,4,-3.5,17.1038097697514,-4.2,17.2828281836564,1,1,PED,0.8,400,NaN,NaN,elbow / wrist / hand,"elbow ext, wrist / finger ext",15,15,0,0,10,10,Ped,triceps lat.,brachioradialis,triceps long.,triceps long.,trapezius,deltoid post.,finger,30
V,Post,v4401,v4401b,15-Jan-2000,19.1,4,-3.5,17.1038097697514,-4.2,17.2828281836564,2,2,PED,3.9,500,NaN,NaN,wrist,"wk. resp. to wrist flex",15,15,0,0,10,10,,triceps lat.,brachioradialis,triceps long.,triceps long.,trapezius,deltoid post.,finger,30
V,Post,v4402,v4402b,15-Jan-2000,19.3,4,-3.5,16.9462076190301,-4.2,17.1596958885913,1,1,STRI,5.5,300,NaN,NaN,NR,"",20,20,0,0,10,10,Str,triceps lat.,brachioradialis,triceps long.,triceps long.,trapezius,deltoid post.,nt,nan
V,Post,v4403,,15-Jan-2000,18,4,-3.5,17.9706215987188,-4.2,17.9600558065146,1,,NR,NaN,NaN,NaN,NaN,NT,"",9,10,6,0,0,0,,triceps lat.,brachioradialis,triceps long.,triceps long.,trapezius,deltoid post.,nt,nan
V,Post,v4405,,15-Jan-2000,18.4,4,-3.5,17.6554172972761,-4.2,17.7137912163844,1,,STRI,11.2,830,NaN,NaN,NR,"",3,4,6,0,0,0,Str,triceps lat.,brachioradialis,triceps long.,triceps long.,trapezius,deltoid post.,nt,nan
V,Post,v4406,,15-Jan-2000,18.3,4,-3.5,17.7342183726368,-4.2,17.7753573639169,1,,PED,1.55,400,NaN,NaN,hand,"ext of index,mid & third finger",20,20,6,0,0,0,Ped,triceps lat.,brachioradialis,triceps long.,triceps long.,trapezius,deltoid post.,nt,nan
V,Post,v4407,,15-Jan-2000,18.1,4,-3.5,17.8918205233581,-4.2,17.8984896589821,1,,PED,2.5,700,NaN,NaN,wrist / hand,"wrist & finger flex",20,20,6,0,0,0,Ped,triceps lat.,brachioradialis,triceps long.,triceps long.,trapezius,deltoid post.,nt,nan
V,Post,v4408,,17-Jan-2000,17.96,4,-3.5,18.0021420288631,-4.2,17.9846822655277,1,,STRI,3.55,550,NaN,NaN,NR,"",11,12,6,0,0,0,,triceps lat.,brachioradialis,triceps long.,triceps long.,trapezius,deltoid post.,nt,nan
V,Post,v4409,,17-Jan-2000,18.4,4,-3.5,17.6554172972761,-4.2,17.7137912163844,1,,NR,NaN,NaN,NaN,NaN,NR,"",7,6,6,0,0,0,,triceps lat.,brachioradialis,triceps long.,triceps long.,trapezius,deltoid post.,nt,nan
V,Post,v4410,,17-Jan-2000,18.8,4,-3.5,17.3402129958334,-4.2,17.4675266262541,1,,PED,0.95,400,NaN,NaN,forearm / elbow,"forearm sup & elbow ext",20,20,6,0,0,0,Ped,triceps lat.,brachioradialis,triceps long.,triceps long.,trapezius,deltoid post.,nt,nan
V,Post,v4411,,18-Jan-2000,18,4,-3.5,17.9706215987188,-4.2,17.9600558065146,1,,PED,0.75,1,NaN,NaN,finger / wrist / elbow / shoulder,"ext of finger,wrist,elbow,shoulder",20,20,6,0,0,0,Ped,triceps lat.,brachioradialis,triceps long.,triceps long.,trapezius,deltoid post.,nt,nan
V,Post,v4412,,18-Jan-2000,19.1,4,-3.5,17.1038097697514,-4.2,17.2828281836564,1,,STRI,NaN,380,NaN,NaN,NR,"",20,20,6,0,0,0,Str,triceps lat.,brachioradialis,triceps long.,triceps long.,trapezius,deltoid post.,nt,nan
V,Post,v4501,,19-Jan-2000,17.63,2,-3.5,18.2621855775533,-6.2,18.1878505523851,1,,STRI,5.5,950,NaN,NaN,NR,"",15,16,6,0,0,0,Str,triceps lat.,brachioradialis,triceps long.,triceps long.,trapezius,deltoid post.,nt,nan
V,Post,v4502,,19-Jan-2000,18.38,2,-3.5,17.6711775123483,-6.2,17.7261044458909,1,,STRI,3.4,400,NaN,NaN,forearm,"forearm pron - v. clear",19,19,6,0,0,0,Str,triceps lat.,brachioradialis,triceps long.,triceps long.,trapezius,deltoid post.,nt,nan
V,Post,v4503,,20-Jan-2000,18.5,2,-3.5,17.5766162219154,-6.2,17.6522250688518,1,,NR,NaN,NaN,NaN,NaN,hand,"finger tap cut",20,20,5,1,0,0,,brachioradialis,triceps long.,triceps long.,trapezius,deltoid post.,,nt,nan
V,Post,v4504,,20-Jan-2000,18.75,2,-3.5,17.3796135335138,-6.2,17.4983097000204,1,,STRI,5.3,260,NaN,NaN,hand,"last 2 fingers flex / ext & cut",20,20,5,1,0,0,,brachioradialis,triceps long.,triceps long.,trapezius,deltoid post.,,nt,nan
V,Post,v4505,,20-Jan-2000,18.9,2,-3.5,17.2614119204728,-6.2,17.4059604787215,1,,STRI,NaN,NaN,NaN,NaN,NT,"",9,10,5,1,0,0,,brachioradialis,triceps long.,triceps long.,trapezius,deltoid post.,,nt,nan
V,Post,v4506,,20-Jan-2000,19.3,2,-3.5,16.9462076190301,-6.2,17.1596958885913,1,,NR,NaN,NaN,NaN,NaN,wrist,"wrist ext",20,20,5,1,0,0,,brachioradialis,triceps long.,triceps long.,trapezius,deltoid post.,,finger flex.,5
V,Post,v4507,,21-Jan-2000,19.18,2,-3.5,17.0407689094629,-6.2,17.2335752656303,1,,NR,NaN,NaN,NaN,NaN,NR,"",12,12,5,1,0,0,,brachioradialis,triceps long.,triceps long.,trapezius,deltoid post.,,nt,nan
V,Post,v4508,,21-Jan-2000,19.2,2,-3.5,17.0250086943907,-6.2,17.2212620361238,1,,NR,NaN,NaN,NaN,NaN,NT,"",20,20,5,1,0,0,,brachioradialis,triceps long.,triceps long.,trapezius,deltoid post.,,nt,nan
V,Post,v4508,,21-Jan-2000,19.2,2,-3.5,17.0250086943907,-6.2,17.2212620361238,2,,NR,NaN,NaN,NaN,NaN,shoulder / elbow,"int shoulder rot & elbow ext",20,20,5,1,0,0,,brachioradialis,triceps long.,triceps long.,trapezius,deltoid post.,,nt,nan
V,Post,v4509,,21-Jan-2000,20,2,-3.5,16.3946000915054,-6.2,16.7287328558633,1,,NT,NaN,NaN,NaN,NaN,NT,"",9,8,5,1,0,0,,brachioradialis,triceps long.,triceps long.,trapezius,deltoid post.,,nt,nan
V,Post,v4509,,21-Jan-2000,20,2,-3.5,16.3946000915054,-6.2,16.7287328558633,2,,NT,NaN,NaN,NaN,NaN,NT,"",9,8,5,1,0,0,,brachioradialis,triceps long.,triceps long.,trapezius,deltoid post.,,nt,nan
V,Post,v4510,,21-Jan-2000,19.95,2,-3.5,16.4340006291857,-6.2,16.7595159296296,1,,NR,NaN,NaN,NaN,NaN,wrist,"ext",20,20,5,1,0,0,,brachioradialis,triceps long.,triceps long.,trapezius,deltoid post.,,nt,nan
V,Post,v4511,,21-Jan-2000,18.45,2,-3.5,17.6160167595958,-6.2,17.6830081426181,1,,NR,NaN,NaN,NaN,NaN,elbow,"ext",20,20,5,1,0,0,,brachioradialis,triceps long.,triceps long.,trapezius,deltoid post.,,nt,nan
V,Post,v4511,,21-Jan-2000,18.45,2,-3.5,17.6160167595958,-6.2,17.6830081426181,2,,NR,NaN,NaN,NaN,NaN,NR,"",20,20,5,1,0,0,,brachioradialis,triceps long.,triceps long.,trapezius,deltoid post.,,nt,nan
V,Post,v4512,,21-Jan-2000,19.36,2,-3.5,16.8989269738137,-6.2,17.1227562000717,1,,STRI,NaN,375,NaN,NaN,NR,"",20,20,5,1,0,0,Str,brachioradialis,triceps long.,triceps long.,trapezius,deltoid post.,,nt,nan
V,Post,v4513,,21-Jan-2000,19.48,2,-3.5,16.8043656833809,-6.2,17.0488768230326,1,,STRI,6.9,1,NaN,NaN,NR,"",20,20,5,1,0,0,Str,brachioradialis,triceps long.,triceps long.,trapezius,deltoid post.,,nt,nan
V,Post,v4513,,21-Jan-2000,19.48,2,-3.5,16.8043656833809,-6.2,17.0488768230326,2,,STRI,7.8,500,NaN,NaN,NR,"",20,20,5,1,0,0,,brachioradialis,triceps long.,triceps long.,trapezius,deltoid post.,,nt,nan
V,Post,v4514,,24-Jan-2000,19.13,2,-3.5,17.0801694471432,-6.2,17.2643583393966,1,,NR,NaN,NaN,NaN,NaN,finger / wrist / elbow,"ext",20,20,5,0,0,0,,brachioradialis,triceps long.,triceps long.,trapezius,deltoid post.,,nt,nan
V,Post,v4515,,24-Jan-2000,19.5,2,-3.5,16.7886054683087,-6.2,17.0365635935261,1,,NR,NaN,NaN,NaN,NaN,hand,"cut stim of glabrous fingers",18,18,5,0,0,0,,brachioradialis,triceps long.,triceps long.,trapezius,deltoid post.,,nt,nan
V,Post,v4516,,24-Jan-2000,19.5,2,-3.5,16.7886054683087,-6.2,17.0365635935261,1,,STRI,NaN,NaN,NaN,NaN,NT,"",11,12,5,0,0,0,Str,brachioradialis,triceps long.,triceps long.,trapezius,deltoid post.,,nt,nan
V,Post,v4517,,24-Jan-2000,19.86,2,-3.5,16.5049215970103,-6.2,16.8149254624089,1,,PED,2.75,300,NaN,NaN,NT,"",20,20,5,0,0,0,Ped,brachioradialis,triceps long.,triceps long.,trapezius,deltoid post.,,nt,nan
V,Post,v4518,,24-Jan-2000,19.9,2,-3.5,16.473401166866,-6.2,16.7902990033959,1,,STRI,6.75,400,NaN,NaN,NR,"",20,20,5,0,0,0,Str,brachioradialis,triceps long.,triceps long.,trapezius,deltoid post.,,nt,nan
V,Post,v4519,,25-Jan-2000,19.11,2,-3.5,17.0959296622153,-6.2,17.2766715689031,1,,STRI,NaN,NaN,NaN,NaN,NT,"",12,12,5,1,0,0,,brachioradialis,triceps long.,triceps long.,trapezius,deltoid post.,,nt,nan
V,Post,v4520,,25-Jan-2000,19.87,2,-3.5,16.4970414894742,-6.2,16.8087688476556,1,,PED,1.85,NaN,NaN,NaN,NT,"",20,20,5,1,0,0,Ped,brachioradialis,triceps long.,triceps long.,trapezius,deltoid post.,,nt,nan
V,Post,v4521,,25-Jan-2000,20.17,2,-3.5,16.2606382633922,-6.2,16.6240704050579,1,,NR,NaN,NaN,NaN,NaN,hand,"finger ext, flex, & cut",20,20,5,1,0,0,,brachioradialis,triceps long.,triceps long.,trapezius,deltoid post.,,nt,nan
V,Post,v4522,,25-Jan-2000,22.2,2,-3.5,14.6609764335706,-6.2,15.3742776101469,1,,STRI,5.05,800,NaN,NaN,NR,"nearby fire w/ finger ext",13,12,5,1,0,0,Str,brachioradialis,triceps long.,triceps long.,trapezius,deltoid post.,,nt,nan
V,Post,v4523,v4523b,25-Jan-2000,22.42,2,-3.5,14.4876140677771,-6.2,15.2388320855752,1,1,NR,NaN,NaN,NaN,NaN,wrist / hand,"wrist & finger ext",25,25,5,1,11,11,,brachioradialis,triceps long.,triceps long.,trapezius,deltoid post.,,nt,nan
V,Post,v4524,v4524b,26-Jan-2000,19.9,2,-3.5,16.473401166866,-6.2,16.7902990033959,1,1,STRI,3.95,600,NaN,NaN,NR,"nearby fire w/ finger ext",40,40,5,1,20,20,Str,brachioradialis,triceps long.,triceps long.,trapezius,deltoid post.,,nt,nan
V,Post,v4525,,26-Jan-2000,20.43,2,-3.5,16.0557554674545,-6.2,16.4639984214733,1,,NR,NaN,NaN,NaN,NaN,finger / wrist / elbow,"finger / wrist / elbow ext",20,20,5,1,0,0,,brachioradialis,triceps long.,triceps long.,trapezius,deltoid post.,,nt,nan
V,Post,v4526,v4526b,26-Jan-2000,21.11,2,-3.5,15.5199081550019,-6.2,16.0453486182518,1,1,STRI,2.7,NaN,NaN,NaN,hand,"wk resp to finger ext",30,30,5,1,20,20,Str,brachioradialis,triceps long.,triceps long.,trapezius,deltoid post.,,nt,nan
V,Post,v4527,v4527b,26-Jan-2000,21.6,2,-3.5,15.1337828857346,-6.2,15.7436744953423,1,1,PED,2.1,NaN,NaN,NaN,hand,"finger flex",23,24,5,1,13,14,Ped,brachioradialis,triceps long.,triceps long.,trapezius,deltoid post.,,nt,nan
V,Post,v4527,,26-Jan-2000,21.6,2,-3.5,15.1337828857346,-6.2,15.7436744953423,2,,NT,NaN,NaN,NaN,NaN,NT,"",23,24,5,1,0,0,,brachioradialis,triceps long.,triceps long.,trapezius,deltoid post.,,nt,nan
V,Post,v4527b,,26-Jan-2000,21.6,2,-3.5,15.1337828857346,-6.2,15.7436744953423,2,,PED,1.4,NaN,NaN,NaN,hand,"finger ext",13,14,5,1,0,0,,brachioradialis,triceps long.,triceps long.,trapezius,deltoid post.,,nt,nan
V,Post,v4528,v4528b,27-Jan-2000,20.2,2,-3.5,16.236997940784,-6.2,16.6056005607982,1,1,STRI,6.3,400,NaN,NaN,NR,"nearby fire w/ finger ext",35,34,5,1,20,20,Str,brachioradialis,triceps long.,triceps long.,trapezius,deltoid post.,,nt,nan
V,Post,v4529,v4529b,27-Jan-2000,20.6,2,-3.5,15.9217936393413,-6.2,16.3593359706679,1,1,STRI,5.3,NaN,NaN,NaN,NT,"",26,26,5,1,11,12,Str,brachioradialis,triceps long.,triceps long.,trapezius,deltoid post.,,nt,nan
V,Post,v4530,,27-Jan-2000,21.58,2,-3.5,15.1495431008067,-6.2,15.7559877248488,1,,NR,NaN,NaN,NaN,NaN,NT,"",14,14,5,1,0,0,,brachioradialis,triceps long.,triceps long.,trapezius,deltoid post.,,nt,nan
V,Post,v4531,,27-Jan-2000,21.76,2,-3.5,15.0077011651575,-6.2,15.6451686592901,1,,PED,2,140,NaN,NaN,hand,"finger flex.",20,20,5,1,0,0,Ped,brachioradialis,triceps long.,triceps long.,trapezius,deltoid post.,,nt,nan
V,Post,v4532,,28-Jan-2000,21.25,2,-3.5,15.409586649497,-6.2,15.9591560117062,1,,NR,NaN,NaN,NaN,NaN,NT,"",15,16,5,1,0,0,,brachioradialis,triceps long.,triceps long.,trapezius,deltoid post.,,nt,nan
V,Post,v4533,,28-Jan-2000,21.66,2,-3.5,15.0865022405182,-6.2,15.7067348068227,1,,PED,NaN,NaN,NaN,NaN,NT,"",17,17,5,1,0,0,,brachioradialis,triceps long.,triceps long.,trapezius,deltoid post.,,nt,nan
V,Post,v4534,,28-Jan-2000,21.56,2,-3.5,15.1653033158789,-6.2,15.7683009543553,1,,THAL,2,1,NaN,NaN,hand,"high tonic-palm not touching",20,20,5,1,0,0,,brachioradialis,triceps long.,triceps long.,trapezius,deltoid post.,,nt,nan
V,Post,v4535,,28-Jan-2000,21.77,2,-3.5,14.9998210576215,-6.2,15.6390120445369,1,,STRI,3.15,300,NaN,NaN,NR,"",20,20,5,1,0,0,Str,brachioradialis,triceps long.,triceps long.,trapezius,deltoid post.,,nt,nan
V,Post,v4536,,28-Jan-2000,22.55,2,-3.5,14.3851726698082,-6.2,15.1587960937829,1,,THAL,1.45,NaN,NaN,NaN,hand / wrist,"finger / wrist ext",13,14,5,1,0,0,,brachioradialis,triceps long.,triceps long.,trapezius,deltoid post.,,nt,nan
V,Post,v4537,,28-Jan-2000,21.52,2,-3.5,15.1968237460231,-6.2,15.7929274133683,1,,PED,2.95,200,NaN,NaN,hand,"ext of digits #4&5",20,20,5,1,0,0,Ped,brachioradialis,triceps long.,triceps long.,trapezius,deltoid post.,,nt,nan
V,Post,v4601,,31-Jan-2000,18,5,-3.5,17.9706215987188,-3.2,17.9600558065146,1,,STRI,7.1,NaN,NaN,NaN,hand,"active hand",17,17,5,1,0,0,Str,brachioradialis,triceps long.,triceps long.,trapezius,deltoid post.,,nt,nan
V,Post,v4602,v4602b,31-Jan-2000,18.63,5,-3.5,17.4741748239466,-3.2,17.5721890770595,1,1,NR,NaN,NaN,NaN,NaN,NR,"",27,28,5,1,20,20,,brachioradialis,triceps long.,triceps long.,trapezius,deltoid post.,,nt,nan
V,Post,v4602,v4602b,31-Jan-2000,18.63,5,-3.5,17.4741748239466,-3.2,17.5721890770595,2,2,NR,NaN,NaN,NaN,NaN,NR,"",27,28,5,1,20,20,,brachioradialis,triceps long.,triceps long.,trapezius,deltoid post.,,nt,nan
V,Post,v4603,v4603b,31-Jan-2000,18.88,5,-3.5,17.2771721355449,-3.2,17.418273708228,1,1,PED,1.8,1,NaN,NaN,hand,"finger ext",20,20,5,1,20,20,Ped,brachioradialis,triceps long.,triceps long.,trapezius,deltoid post.,,nt,nan
V,Post,v4604,,31-Jan-2000,18.4,5,-3.5,17.6554172972761,-3.2,17.7137912163844,1,,PED,1.55,210,NaN,NaN,hand / wrist / elbow,"finger / wrist ext & elbow flex",20,20,5,1,0,0,Ped,brachioradialis,triceps long.,triceps long.,trapezius,deltoid post.,,nt,nan
V,Post,v4604,,01-Feb-2000,18.4,5,-3.5,17.6554172972761,-3.2,17.7137912163844,2,,PED,1.1,700,NaN,NaN,hand / wrist / shoulder,"finger / wrist ext & shoulder flex",20,20,5,1,0,0,,brachioradialis,triceps long.,triceps long.,trapezius,deltoid post.,,nt,nan
V,Post,v4605,,01-Feb-2000,18.65,5,-3.5,17.4584146088744,-3.2,17.5598758475529,1,,PED,1.25,440,NaN,NaN,hand / wrist,"finger / wrist ext",20,20,5,1,0,0,Ped,brachioradialis,triceps long.,triceps long.,trapezius,deltoid post.,,nt,nan
V,Post,v4605,,01-Feb-2000,18.65,5,-3.5,17.4584146088744,-3.2,17.5598758475529,2,,NT,NaN,NaN,NaN,NaN,hand,"finger ext",20,20,5,1,0,0,,brachioradialis,triceps long.,triceps long.,trapezius,deltoid post.,,nt,nan
V,Post,v4606,,01-Feb-2000,19,5,-3.5,17.1826108451121,-3.2,17.344394331189,1,,STRI,NaN,NaN,NaN,NaN,NT,"",18,18,5,1,0,0,Str,brachioradialis,triceps long.,triceps long.,trapezius,deltoid post.,,nt,nan
V,Post,v4606,v4607,01-Feb-2000,19,5,-3.5,17.1826108451121,-3.2,17.344394331189,2,1,PED,3.2,280,NaN,NaN,NR,"",18,18,5,1,38,38,,brachioradialis,triceps long.,triceps long.,trapezius,deltoid post.,,nt,nan
V,Post,v4701,,02-Feb-2000,21.1,1,-3.5,15.527788262538,-7.2,16.0515052330051,1,,NR,NaN,NaN,NaN,NaN,hand,"finger ext",11,11,5,1,0,0,,brachioradialis,triceps long.,triceps long.,trapezius,deltoid post.,,nt,nan
V,Post,v4702,,02-Feb-2000,22.9,1,-3.5,14.1093689060459,-7.2,14.9433145774189,1,,PED,NaN,NaN,NaN,NaN,NT,"",15,15,5,1,0,0,Ped,brachioradialis,triceps long.,triceps long.,trapezius,deltoid post.,,nt,nan
V,Post,v4702,,02-Feb-2000,22.9,1,-3.5,14.1093689060459,-7.2,14.9433145774189,2,,NR,NaN,NaN,NaN,NaN,NT,"",15,15,5,1,0,0,,brachioradialis,triceps long.,triceps long.,trapezius,deltoid post.,,nt,nan
V,Post,v4703,,02-Feb-2000,22.8,1,-3.5,14.1881699814065,-7.2,15.0048807249515,1,,PED,2.2,550,NaN,NaN,wrist / hand,"wrist / finger flex",20,20,5,1,0,0,Ped,brachioradialis,triceps long.,triceps long.,trapezius,deltoid post.,,nt,nan
V,Post,v4704,,02-Feb-2000,23,1,-3.5,14.0305678306852,-7.2,14.8817484298863,1,,STRI,6.85,230,NaN,NaN,wrist,"wrist flex",17,16,5,1,0,0,Str,brachioradialis,triceps long.,triceps long.,trapezius,deltoid post.,,nt,nan
V,Post,v4801,v4801b,03-Feb-2000,17.18,1,-3.5,18.6167904166763,-7.2,18.4648982162817,1,1,STRI,7.4,950,NaN,NaN,NR,"active grip of new surf",40,40,5,1,20,20,Str,brachioradialis,triceps long.,triceps long.,trapezius,deltoid post.,,nt,nan
V,Post,v4802,,03-Feb-2000,17.7,1,-3.5,18.2070248248008,-7.2,18.1447542491123,1,,NR,NaN,NaN,NaN,NaN,hand / wrist,"finger / wrist flex & cut & light touch of finger",20,20,5,1,0,0,,brachioradialis,triceps long.,triceps long.,trapezius,deltoid post.,,nt,nan
V,Post,v4803,,03-Feb-2000,18,1,-3.5,17.9706215987188,-7.2,17.9600558065146,1,,STRI,NaN,NaN,NaN,NaN,NT,"",13,14,5,1,0,0,Str,brachioradialis,triceps long.,triceps long.,trapezius,deltoid post.,,nt,nan
V,Post,v4804,,03-Feb-2000,18.2,1,-3.5,17.8130194479975,-7.2,17.8369235114495,1,,STRI,6.25,590,NaN,NaN,NR,"",20,20,5,1,0,0,Str,brachioradialis,triceps long.,triceps long.,trapezius,deltoid post.,,nt,nan
V,Post,v4805,,03-Feb-2000,18.62,1,-3.5,17.4820549314826,-7.2,17.5783456918127,1,,STRI,NaN,370,NaN,NaN,NR,"",10,10,5,1,0,0,Str,brachioradialis,triceps long.,triceps long.,trapezius,deltoid post.,,nt,nan
V,Post,v4806,v4806b,04-Feb-2000,17.7,1,-3.5,18.2070248248008,-7.2,18.1447542491123,1,1,STRI,6.4,690,NaN,NaN,hand,"finger ext",35,34,5,1,15,14,Str,brachioradialis,triceps long.,triceps long.,trapezius,deltoid post.,,nt,nan
V,Post,v4807,v4807b,04-Feb-2000,18.36,1,-3.5,17.6869377274204,-7.2,17.7384176753974,1,2,NR,NaN,NaN,NaN,NaN,hand / wrist,"finger / wrist flex - shuts off w/palm contact",20,19,5,1,9,9,,brachioradialis,triceps long.,triceps long.,trapezius,deltoid post.,,nt,nan
V,Post,v4808,,04-Feb-2000,18.6,1,-3.5,17.4978151465548,-7.2,17.5906589213192,1,,NR,NaN,NaN,NaN,NaN,hand / wrist,"finger / wrist flex",20,20,5,1,0,0,,brachioradialis,triceps long.,triceps long.,trapezius,deltoid post.,,nt,nan
V,Post,v4809,,04-Feb-2000,18.74,1,-3.5,17.3874936410498,-7.2,17.5044663147736,1,,NR,NaN,NaN,NaN,NaN,elbow / hand,"elbow ext / finger flex",20,20,5,1,0,0,,brachioradialis,triceps long.,triceps long.,trapezius,deltoid post.,,nt,nan
V,Post,v4809,,04-Feb-2000,18.74,1,-3.5,17.3874936410498,-7.2,17.5044663147736,2,,PED,2.25,600,NaN,NaN,NT,"",20,20,5,1,0,0,Ped,brachioradialis,triceps long.,triceps long.,trapezius,deltoid post.,,nt,nan
V,Post,v4810,v4810b,04-Feb-2000,18.9,1,-3.5,17.2614119204728,-7.2,17.4059604787215,1,1,PED,1.25,180,NaN,NaN,NT,"nearby fire w/wrist flex",40,40,5,1,20,20,Ped,brachioradialis,triceps long.,triceps long.,trapezius,deltoid post.,,nt,nan
V,Post,v4810b,,04-Feb-2000,18.9,1,-3.5,17.2614119204728,-7.2,17.4059604787215,2,,NR,NaN,NaN,NaN,NaN,NT,"nearby fire w/wrist flex",20,20,5,1,0,0,,brachioradialis,triceps long.,triceps long.,trapezius,deltoid post.,,nt,nan
V,Post,v4811,,04-Feb-2000,18.57,1,-3.5,17.521455469163,-7.2,17.609128765579,1,,PED,1.1,NaN,NaN,NaN,NT,"",7,7,5,1,0,0,Ped,brachioradialis,triceps long.,triceps long.,trapezius,deltoid post.,,nt,nan
V,Post,v4812,,04-Feb-2000,18.9,1,-3.5,17.2614119204728,-7.2,17.4059604787215,1,,PED,2.65,NaN,NaN,NaN,NR,"",20,20,5,1,0,0,Ped,brachioradialis,triceps long.,triceps long.,trapezius,deltoid post.,,nt,nan
V,Post,v4813,,07-Feb-2000,18.2,1,-3.5,17.8130194479975,-7.2,17.8369235114495,1,,PED,NaN,NaN,NaN,NaN,NT,"",13,13,5,1,0,0,,brachioradialis,triceps long.,triceps long.,trapezius,deltoid post.,,nt,nan
V,Post,v4813,,07-Feb-2000,18.2,1,-3.5,17.8130194479975,-7.2,17.8369235114495,2,,PED,NaN,NaN,NaN,NaN,NT,"",13,13,5,1,0,0,,brachioradialis,triceps long.,triceps long.,trapezius,deltoid post.,,nt,nan
V,Post,v4814,v4814b,07-Feb-2000,18.2,1,-3.5,17.8130194479975,-7.2,17.8369235114495,1,1,PED,2.6,575,NaN,NaN,hand,"finger ext",40,40,5,1,20,20,Ped,brachioradialis,triceps long.,triceps long.,trapezius,deltoid post.,,nt,nan
V,Post,v4815,v4815b,07-Feb-2000,18.8,1,-3.5,17.3402129958334,-7.2,17.4675266262541,1,1,PED,0.7,470,NaN,NaN,hand,"finger ext",40,40,5,1,20,20,Ped,brachioradialis,triceps long.,triceps long.,trapezius,deltoid post.,,nt,nan
V,Post,v4901,,07-Feb-2000,17.4,0,-3.5,18.4434280508828,-8.2,18.32945269171,1,,PED,3.1,NaN,NaN,NaN,NR,"",20,20,5,1,0,0,Ped,brachioradialis,triceps long.,triceps long.,trapezius,deltoid post.,,nt,nan
V,Post,v4902,v4902b,07-Feb-2000,17.4,0,-3.5,18.4434280508828,-8.2,18.32945269171,1,1,STRI,3.4,560,NaN,NaN,hand / wrist,"finger / wrist ext",40,40,5,1,20,20,Str,brachioradialis,triceps long.,triceps long.,trapezius,deltoid post.,,nt,nan
V,Post,v4903,,07-Feb-2000,21.93,0,-3.5,14.8737393370444,-8.2,15.5405062084848,1,,NR,NaN,NaN,NaN,NaN,NT,"",8,8,5,1,0,0,,brachioradialis,triceps long.,triceps long.,trapezius,deltoid post.,,nt,nan
V,Post,v5001,,11-Feb-2000,17.56,3,-4.5,18.9330078056314,-5.2,17.4429361020512,1,,NR,NaN,NaN,NaN,NaN,hand,"finger ext",20,20,5,1,0,0,,brachioradialis,triceps long.,triceps long.,trapezius,deltoid post.,,nt,nan
V,Post,v5002,,11-Feb-2000,18.5,3,-4.5,18.1922776972411,-5.2,16.8642143152451,1,,PED,1.4,NaN,NaN,NaN,wrist / hand / elbow,"wrist / finger / elbow flex",20,20,5,1,0,0,Ped,brachioradialis,triceps long.,triceps long.,trapezius,deltoid post.,,nt,nan
V,Post,v5003,,11-Feb-2000,18.8,3,-4.5,17.9558744711591,-5.2,16.6795158726474,1,,PED,0.65,70,NaN,NaN,elbow / forearm / wrist / hand,"elbow flex / forearm sup / wrist & finger ext",20,20,5,1,0,0,Ped,brachioradialis,triceps long.,triceps long.,trapezius,deltoid post.,,nt,nan
V,Post,v5004,,11-Feb-2000,19,3,-4.5,17.7982723204377,-5.2,16.5563835775822,1,,PED,2.15,600,NaN,NaN,NT,"",16,16,5,1,0,0,Ped,brachioradialis,triceps long.,triceps long.,trapezius,deltoid post.,,nt,nan
V,Post,v5005,,11-Feb-2000,19.15,3,-4.5,17.6800707073967,-5.2,16.4640343562834,1,,PED,0.85,220,NaN,NaN,wrist,"wrist flex",20,20,5,1,0,0,Ped,brachioradialis,triceps long.,triceps long.,trapezius,deltoid post.,,nt,nan
V,Post,v5006,,11-Feb-2000,19.4,3,-4.5,17.4830680189951,-5.2,16.310118987452,1,,STRI,6.95,530,NaN,NaN,NT,"",20,20,5,1,0,0,Str,brachioradialis,triceps long.,triceps long.,trapezius,deltoid post.,,nt,nan
V,Post,v5101,v5101b,15-Feb-2000,17.6,2,-4.5,18.9014873754872,-6.2,17.4183096430382,1,1,STRI,13.2,370,NaN,NaN,NR,"",25,24,5,1,13,12,Str,brachioradialis,triceps long.,triceps long.,trapezius,deltoid post.,,nt,nan
V,Post,v5102,v5102b,15-Feb-2000,19.24,2,-4.5,17.6091497395721,-6.2,16.4086248235041,1,1,PED,NaN,NaN,NaN,NaN,wrist / hand,"wrist / finger flex",20,20,5,1,20,20,Ped,brachioradialis,triceps long.,triceps long.,trapezius,deltoid post.,,nt,nan
V,Post,v5103,,16-Feb-2000,18.2,2,-4.5,18.4286809233231,-6.2,17.0489127578428,1,,STRI,14.15,1,NaN,NaN,NR,"",20,20,5,1,0,0,Str,brachioradialis,triceps long.,triceps long.,trapezius,deltoid post.,,nt,nan
V,Post,v5104,,16-Feb-2000,19.14,2,-4.5,17.6879508149328,-6.2,16.4701909710367,1,,PED,1.45,270,NaN,NaN,NR,"",20,20,5,1,0,0,Ped,brachioradialis,triceps long.,triceps long.,trapezius,deltoid post.,,nt,nan
V,Post,v5105,,16-Feb-2000,19.75,2,-4.5,17.2072642552327,-6.2,16.094637471088,1,,PED,1.2,120,NaN,NaN,elbow / forearm,"elbow flex / forearm sup",20,20,5,1,0,0,Ped,brachioradialis,triceps long.,triceps long.,trapezius,deltoid post.,,nt,nan
V,Post,v5106,v5106b,16-Feb-2000,19.9,2,-4.5,17.0890626421917,-6.2,16.0022882497892,1,1,PED,1.2,470,NaN,NaN,wrist / elbow / hand,"wrist, elbow & finger ext",30,30,5,1,20,20,Ped,brachioradialis,triceps long.,triceps long.,trapezius,deltoid post.,,nt,nan
V,Post,v5107,v5107b,17-Feb-2000,20.04,2,-4.5,16.9787411366868,-6.2,15.9160956432436,1,1,STRI,2.6,500,NaN,NaN,elbow / forearm,"elbow flex / forearm sup",36,36,5,1,20,20,Str,brachioradialis,triceps long.,triceps long.,trapezius,deltoid post.,,nt,nan
V,Post,v5108,,17-Feb-2000,19.8,2,-4.5,17.1678637175524,-6.2,16.0638543973217,1,,PED/STRI,3.95,360,2.5,330,NT,"",20,20,5,1,0,0,,brachioradialis,triceps long.,triceps long.,trapezius,deltoid post.,,nt,nan
V,Post,v5109,,17-Feb-2000,20.6,2,-4.5,16.537455114667,-6.2,15.5713252170612,1,,PED/THAL,4.15,NaN,3,110,forearm,"forearm pron",20,20,5,1,0,0,Ped,brachioradialis,triceps long.,triceps long.,trapezius,deltoid post.,,nt,nan
V,Post,v5110,,17-Feb-2000,21,2,-4.5,16.2222508132243,-6.2,15.3250606269309,1,,PED,0.85,NaN,NaN,NaN,wrist,"wrist flex",20,20,5,1,0,0,Ped,brachioradialis,triceps long.,triceps long.,trapezius,deltoid post.,,nt,nan
V,Post,v5111,,17-Feb-2000,20.86,2,-4.5,16.3325723187292,-6.2,15.4112532334765,1,,PED,1.9,170,NaN,NaN,wrist / elbow,"wrist / elbow flex",20,20,5,1,0,0,Ped,brachioradialis,triceps long.,triceps long.,trapezius,deltoid post.,,nt,nan
V,Post,v5111,,17-Feb-2000,20.86,2,-4.5,16.3325723187292,-6.2,15.4112532334765,2,,PED,1.3,70,NaN,NaN,wrist,"wrist flex",20,20,5,1,0,0,,brachioradialis,triceps long.,triceps long.,trapezius,deltoid post.,,nt,nan
V,Post,v5112,,18-Feb-2000,19.2,2,-4.5,17.6406701697164,-6.2,16.4332512825171,1,,PED,1.6,900,NaN,NaN,elbow / wrist,"elbow / wrist flex",15,15,5,1,0,0,Ped,brachioradialis,triceps long.,triceps long.,trapezius,deltoid post.,,nt,nan
V,Post,v5113,,18-Feb-2000,19.3,2,-4.5,17.5618690943557,-6.2,16.3716851349845,1,,PED,2.35,NaN,NaN,NaN,elbow / forearm / wrist / hand,"elbow ext / forearm pron / wrist & finger flex",20,20,5,1,0,0,Ped,brachioradialis,triceps long.,triceps long.,trapezius,deltoid post.,,nt,nan
V,Post,v5114,,18-Feb-2000,19.88,2,-4.5,17.1048228572638,-6.2,16.0146014792957,1,,PED,NaN,NaN,NaN,NaN,NT,"",20,20,5,1,0,0,Ped,brachioradialis,triceps long.,triceps long.,trapezius,deltoid post.,,nt,nan
V,Post,v5115,,18-Feb-2000,20,2,-4.5,17.010261566831,-6.2,15.9407221022566,1,,PED,1.15,50,NaN,NaN,shoulder / elbow / wrist,"shoulder dep / elbow ext / wrist flex",20,20,5,1,0,0,Ped,brachioradialis,triceps long.,triceps long.,trapezius,deltoid post.,,nt,nan
V,Post,v5115,,18-Feb-2000,20,2,-4.5,17.010261566831,-6.2,15.9407221022566,2,,PED,2.55,360,NaN,NaN,wrist,"wrist ext only",20,20,5,1,0,0,,brachioradialis,triceps long.,triceps long.,trapezius,deltoid post.,,nt,nan
V,Post,v5116,,18-Feb-2000,20.5,2,-4.5,16.6162561900277,-6.2,15.6328913645938,1,,PED,2.95,NaN,NaN,NaN,NR,"",20,20,5,1,0,0,Ped,brachioradialis,triceps long.,triceps long.,trapezius,deltoid post.,,nt,nan
V,Post,v5201,,18-Feb-2000,17.7,1,-4.5,18.8226863001265,-7.2,17.3567434955056,1,,NR,NaN,NaN,NaN,NaN,NT,"",9,10,5,1,0,0,,brachioradialis,triceps long.,triceps long.,trapezius,deltoid post.,,nt,nan
V,Post,v5202,,21-Feb-2000,17.9,1,-4.5,18.6650841494051,-7.2,17.2336112004405,1,,NR,NaN,NaN,NaN,NaN,hand,"v.sensitive to touch on hand",20,20,5,1,0,0,,brachioradialis,triceps long.,triceps long.,trapezius,deltoid post.,,nt,nan
V,Post,v5203,v5203b,21-Feb-2000,19.6,1,-4.5,17.3254658682737,-7.2,16.1869866923869,1,1,STRI,20.5,600,NaN,NaN,forearm,"sup selective",27,28,5,1,20,20,Str,brachioradialis,triceps long.,triceps long.,trapezius,deltoid post.,,nt,nan
V,Post,v5301,,21-Feb-2000,17.8,4,-4.5,18.7438852247658,-4.2,17.295177347973,1,,NR,NaN,NaN,NaN,NaN,NT,"",20,20,5,1,0,0,,brachioradialis,triceps long.,triceps long.,trapezius,deltoid post.,,nt,nan
V,Post,v5301,,21-Feb-2000,17.8,4,-4.5,18.7438852247658,-4.2,17.295177347973,2,,STRI,9.25,900,NaN,NaN,NR,"",20,20,5,1,0,0,Str,brachioradialis,triceps long.,triceps long.,trapezius,deltoid post.,,nt,nan
V,Post,v5302,,21-Feb-2000,17.6,4,-4.5,18.9014873754872,-4.2,17.4183096430382,1,,PED,3,NaN,NaN,NaN,NT,"",12,12,5,1,0,0,Ped,brachioradialis,triceps long.,triceps long.,trapezius,deltoid post.,,nt,nan
V,Post,v5303,,21-Feb-2000,17,4,-4.5,19.3742938276512,-4.2,17.7877065282336,1,,STRI,3.45,250,NaN,NaN,NR,"",20,20,5,1,0,0,Str,brachioradialis,triceps long.,triceps long.,trapezius,deltoid post.,,nt,nan
V,Post,v5304,,21-Feb-2000,17.2,4,-4.5,19.2166916769298,-4.2,17.6645742331684,1,,STRI,9.2,600,NaN,NaN,hand,"finger ext - work relation",20,20,5,1,0,0,Str,brachioradialis,triceps long.,triceps long.,trapezius,deltoid post.,,nt,nan
V,Post,v5305,,21-Feb-2000,19.5,4,-4.5,17.4042669436344,-4.2,16.2485528399194,1,,NR,NaN,NaN,NaN,NaN,NR,"",20,20,5,1,0,0,,brachioradialis,triceps long.,triceps long.,trapezius,deltoid post.,,nt,nan
V,Post,v5401,,23-Feb-2000,17.2,5,-4.5,19.2166916769298,-3.2,17.6645742331684,1,,NR,NaN,NaN,NaN,NaN,NT,"",13,12,5,1,0,0,,triceps lat.,triceps long.,triceps long.,trapezius,deltoid post.,,nt,nan
V,Post,v5402,,23-Feb-2000,17.7,5,-4.5,18.8226863001265,-3.2,17.3567434955056,1,,PED,2,NaN,NaN,NaN,finger / elbow / hand,"finger / elbow ext & contact w/palm",20,20,5,1,0,0,Ped,triceps lat.,triceps long.,triceps long.,trapezius,deltoid post.,,nt,nan
V,Post,v5403,,23-Feb-2000,17.8,5,-4.5,18.7438852247658,-3.2,17.295177347973,1,,STRI,5.25,560,NaN,NaN,NT,"",20,20,5,1,0,0,Str,triceps lat.,triceps long.,triceps long.,trapezius,deltoid post.,,nt,nan
V,Post,v5404,,23-Feb-2000,17.9,5,-4.5,18.6650841494051,-3.2,17.2336112004405,1,,STRI,3.2,330,NaN,NaN,NR,"",20,20,5,1,0,0,Str,triceps lat.,triceps long.,triceps long.,trapezius,deltoid post.,,nt,nan
V,Post,v5501,,25-Feb-2000,18.98,3,-2.5,16.5827095848586,-5.2,18.1447183143022,1,,NR,NaN,NaN,NaN,NaN,hand,"finger ext",20,20,5,1,0,0,,triceps lat.,triceps long.,triceps long.,trapezius,deltoid post.,,nt,nan
V,Post,v5502,,25-Feb-2000,20.4,3,-2.5,15.463734314737,-5.2,17.2704790193398,1,,NR,NaN,NaN,NaN,NaN,hand / elbow,"finger ext & elbow ext",20,20,5,1,0,0,,triceps lat.,triceps long.,triceps long.,trapezius,deltoid post.,,nt,nan
V,Post,v5503,,25-Feb-2000,21.96,3,-2.5,14.2344375391105,-5.2,16.3100471178317,1,,STRI,6.7,660,NaN,NaN,forearm,"forearm sup only",20,20,5,1,0,0,Str,triceps lat.,triceps long.,triceps long.,trapezius,deltoid post.,,nt,nan
V,Post,v5601,,29-Feb-2000,17.27,5,-2.5,17.9302079735261,-3.2,19.1974994371091,1,,NR,NaN,NaN,NaN,NaN,NR,"",11,11,5,1,0,0,,triceps lat.,triceps long.,triceps long.,trapezius,deltoid post.,,nt,nan
V,Post,v5602,,29-Feb-2000,17.27,5,-2.5,17.9302079735261,-3.2,19.1974994371091,1,,STRI,8.65,925,NaN,NaN,NR,"",20,20,5,1,0,0,Str,triceps lat.,triceps long.,triceps long.,trapezius,deltoid post.,,nt,nan
V,Post,v5603,,29-Feb-2000,18.04,5,-2.5,17.3234396932489,-3.2,18.7234401011083,1,,PED,1.1,43,NaN,NaN,hand / wrist,"finger / wrist ext",20,20,5,1,0,0,Ped,triceps lat.,triceps long.,triceps long.,trapezius,deltoid post.,,nt,nan
V,Post,v5604,v5604b,29-Feb-2000,17.96,5,-2.5,17.3864805535374,-3.2,18.7726930191344,1,1,PED,2.05,NaN,NaN,NaN,NR,"",40,40,5,1,20,20,Ped,triceps lat.,triceps long.,triceps long.,trapezius,deltoid post.,,nt,nan
V,Post,v5604b,,29-Feb-2000,17.96,5,-2.5,17.3864805535374,-3.2,18.7726930191344,2,,STRI,NaN,380,NaN,NaN,NR,"",20,20,5,1,0,0,,triceps lat.,triceps long.,triceps long.,trapezius,deltoid post.,,nt,nan
V,Post,v5605,,14-Mar-2000,17,5,-2.5,18.1429708769999,-3.2,19.363728035447,1,,STRI,4.05,670,NaN,NaN,NR,"",12,12,5,1,0,0,Str,triceps lat.,triceps long.,triceps long.,trapezius,deltoid post.,,nt,nan
V,Post,v5606,v5606b,14-Mar-2000,18.5,5,-2.5,16.9609547465898,-3.2,18.4402358224585,1,1,PED,2.05,NaN,NaN,NaN,elbow / shoulder,"elbow flex / shoulder",31,30,5,1,11,10,Ped,triceps lat.,triceps long.,triceps long.,trapezius,deltoid post.,,nt,nan
V,Post,v5607,v5607b,14-Mar-2000,18.11,5,-2.5,17.2682789404964,-3.2,18.6803437978355,1,1,STRI,10.55,560,NaN,NaN,NR,"active grip of manip",40,40,5,1,20,20,Str,triceps lat.,triceps long.,triceps long.,trapezius,deltoid post.,,nt,nan
V,Post,v5608,,14-Mar-2000,18.57,5,-2.5,16.9057939938373,-3.2,18.3971395191857,1,,PED,3.55,140,NaN,NaN,NR,"",20,20,5,1,0,0,Ped,triceps lat.,triceps long.,triceps long.,trapezius,deltoid post.,,nt,nan
V,Post,v5801,,29-Mar-2000,17.77,6,-2.5,17.5362025967227,-2.2,18.8896686994463,1,,NR,NaN,NaN,NaN,NaN,forearm / elbow,"nearby units fire w/ forearm pron / elbow ext",11,11,5,1,0,0,,triceps lat.,triceps long.,triceps long.,trapezius,deltoid post.,,nt,nan
V,Post,v5801,,29-Mar-2000,17.77,6,-2.5,17.5362025967227,-2.2,18.8896686994463,2,,NR,NaN,NaN,NaN,NaN,forearm / elbow,"nearby units fire w/ forearm pron / elbow ext",11,11,5,1,0,0,,triceps lat.,triceps long.,triceps long.,trapezius,deltoid post.,,nt,nan
V,Post,v5802,,29-Mar-2000,17.6,6,-2.5,17.6701644248358,-2.2,18.9943311502516,1,,NR,NaN,NaN,NaN,NaN,NR,"",10,10,5,1,0,0,,triceps lat.,triceps long.,triceps long.,trapezius,deltoid post.,,nt,nan
V,Post,v5802,,29-Mar-2000,17.6,6,-2.5,17.6701644248358,-2.2,18.9943311502516,2,,NR,NaN,NaN,NaN,NaN,forearm / elbow,"forearm sup / elbow flex",10,10,5,1,0,0,,triceps lat.,triceps long.,triceps long.,trapezius,deltoid post.,,nt,nan
V,Post,v5803,,30-Mar-2000,17.6,6,-2.5,17.6701644248358,-2.2,18.9943311502516,1,,NR,NaN,NaN,NaN,NaN,NR,"",20,20,5,1,0,0,,triceps lat.,triceps long.,triceps long.,trapezius,deltoid post.,,nt,nan
V,Post,v5804,,30-Mar-2000,17.5,6,-2.5,17.7489655001965,-2.2,19.0558972977842,1,,STRI,6.6,560,NaN,NaN,elbow,"elbow ext",20,20,5,1,0,0,Str,triceps lat.,triceps long.,triceps long.,trapezius,deltoid post.,,nt,nan
V,Post,v5805,,30-Mar-2000,17.7,6,-2.5,17.5913633494752,-2.2,18.932765002719,1,,NR,NaN,NaN,NaN,NaN,NR,"",20,20,5,1,0,0,,triceps lat.,triceps long.,triceps long.,trapezius,deltoid post.,,nt,nan
V,Post,v5805,,30-Mar-2000,17.7,6,-2.5,17.5913633494752,-2.2,18.932765002719,2,,NR,NaN,NaN,NaN,NaN,forearm,"forearm rot - either direction",20,20,5,1,0,0,,triceps lat.,triceps long.,triceps long.,trapezius,deltoid post.,,nt,nan
V,Post,v5806,v5806b,30-Mar-2000,17.65,6,-2.5,17.6307638871555,-2.2,18.9635480764853,1,1,STRI,10.05,950,NaN,NaN,elbow,"elbow flex",27,26,5,1,15,14,Str,triceps lat.,triceps long.,triceps long.,trapezius,deltoid post.,,nt,nan
V,Post,v5806,v5806b,30-Mar-2000,17.65,6,-2.5,17.6307638871555,-2.2,18.9635480764853,2,2,NR,NaN,NaN,NaN,NaN,elbow / forearm,"elbow flex / forearm sup",27,26,5,1,15,14,,triceps lat.,triceps long.,triceps long.,trapezius,deltoid post.,,nt,nan
V,Post,v5807,,30-Mar-2000,18,6,-2.5,17.3549601233931,-2.2,18.7480665601213,1,,STRI,NaN,NaN,NaN,NaN,NT,"",13,13,5,1,0,0,Str,triceps lat.,triceps long.,triceps long.,trapezius,deltoid post.,,nt,nan
V,Post,v5807,,30-Mar-2000,18,6,-2.5,17.3549601233931,-2.2,18.7480665601213,2,,PED,1.15,130,NaN,NaN,shoulder / elbow,"shoulder int rot / elbow ext",13,13,5,1,0,0,,triceps lat.,triceps long.,triceps long.,trapezius,deltoid post.,,nt,nan
V,Post,v5808,,31-Mar-2000,17.7,6,-2.5,17.5913633494752,-2.2,18.932765002719,1,,NR,NaN,NaN,NaN,NaN,hand / elbow / forearm,"cut finger / elbow flex / forearm sup",20,20,5,1,0,0,,triceps lat.,triceps long.,triceps long.,trapezius,deltoid post.,,nt,nan
V,Post,v5809,,31-Mar-2000,17.86,6,-2.5,17.4652816288981,-2.2,18.8342591666669,1,,STRI,3.8,950,NaN,NaN,elbow / forearm,"elbow flex / forearm sup",20,20,5,1,0,0,Str,triceps lat.,triceps long.,triceps long.,trapezius,deltoid post.,,nt,nan
V,Post,v5810,,31-Mar-2000,18.1,6,-2.5,17.2761590480325,-2.2,18.6865004125888,1,,NR,NaN,NaN,NaN,NaN,elbow / forearm / shoulder / hand,"elbow flex / forearm sup / shoulder ext rot / finger manip",20,20,5,1,0,0,,triceps lat.,triceps long.,triceps long.,trapezius,deltoid post.,,nt,nan
V,Post,v5811,v5812,31-Mar-2000,18.3,6,-2.5,17.1185568973111,-2.2,18.5633681175237,1,1,PED,1.8,550,NaN,NaN,NR,"",40,40,5,1,20,20,Ped,triceps lat.,triceps long.,triceps long.,trapezius,deltoid post.,,nt,nan
V,Post,v5811,,31-Mar-2000,18.3,6,-2.5,17.1185568973111,-2.2,18.5633681175237,2,,PED,1.85,360,NaN,NaN,NR,"",40,40,5,1,0,0,,triceps lat.,triceps long.,triceps long.,trapezius,deltoid post.,,nt,nan
V,Post,v5812,,31-Mar-2000,18.3,6,-2.5,17.1185568973111,-2.2,18.5633681175237,2,,NR,NaN,NaN,NaN,NaN,elbow / forearm / shoulder,"elbow ext / forearm pron / shoulder int rot",20,20,5,1,0,0,,triceps lat.,triceps long.,triceps long.,trapezius,deltoid post.,,nt,nan
V,Post,v5813,,31-Mar-2000,18.5,6,-2.5,16.9609547465898,-2.2,18.4402358224585,1,,NR,NaN,NaN,NaN,NaN,NR,"",10,10,5,1,0,0,,triceps lat.,triceps long.,triceps long.,trapezius,deltoid post.,,nt,nan
V,Post,v5814,v5814b,31-Mar-2000,18.45,6,-2.5,17.0003552842701,-2.2,18.4710188962248,1,1,STRI,13.5,1,NaN,NaN,NR,"",20,20,5,1,9,10,Str,triceps lat.,triceps long.,triceps long.,trapezius,deltoid post.,,nt,nan
V,Post,v5815,,03-Apr-2000,18.4,6,-2.5,17.0397558219505,-2.2,18.5018019699911,1,,NR,NaN,NaN,NaN,NaN,hand,"wk. related to finger ext",11,10,5,1,0,0,,triceps lat.,triceps long.,triceps long.,trapezius,deltoid post.,,nt,nan
